index,year,month,dow,sex,count
0,1994,Jan,Sun,F,19980
1,1994,Jan,Sun,M,20268
2,1994,Jan,Mon,F,26015
3,1994,Jan,Mon,M,27132
4,1994,Jan,Tue,F,22615
5,1994,Jan,Tue,M,23903
6,1994,Jan,Wed,F,22248
7,1994,Jan,Wed,M,23194
8,1994,Jan,Thu,F,22375
9,1994,Jan,Thu,M,23670
10,1994,Jan,Fri,F,22626
11,1994,Jan,Fri,M,23708
12,1994,Jan,Sat,F,21156
13,1994,Jan,Sat,M,22107
14,1994,Feb,Sun,F,16103
15,1994,Feb,Sun,M,17011
16,1994,Feb,Mon,F,21720
17,1994,Feb,Mon,M,22575
18,1994,Feb,Tue,F,23263
19,1994,Feb,Tue,M,24664
20,1994,Feb,Wed,F,22797
21,1994,Feb,Wed,M,24023
22,1994,Feb,Thu,F,22870
23,1994,Feb,Thu,M,23660
24,1994,Feb,Fri,F,23148
25,1994,Feb,Fri,M,23886
26,1994,Feb,Sat,F,17552
27,1994,Feb,Sat,M,18356
28,1994,Mar,Sun,F,16225
29,1994,Mar,Sun,M,16874
30,1994,Mar,Mon,F,21607
31,1994,Mar,Mon,M,22722
32,1994,Mar,Tue,F,29485
33,1994,Mar,Tue,M,31394
34,1994,Mar,Wed,F,28558
35,1994,Mar,Wed,M,30064
36,1994,Mar,Thu,F,29056
37,1994,Mar,Thu,M,30433
38,1994,Mar,Fri,F,23103
39,1994,Mar,Fri,M,24318
40,1994,Mar,Sat,F,17763
41,1994,Mar,Sat,M,18476
42,1994,Apr,Sun,F,15552
43,1994,Apr,Sun,M,16152
44,1994,Apr,Mon,F,21463
45,1994,Apr,Mon,M,22549
46,1994,Apr,Tue,F,23528
47,1994,Apr,Tue,M,24746
48,1994,Apr,Wed,F,22606
49,1994,Apr,Wed,M,23973
50,1994,Apr,Thu,F,22744
51,1994,Apr,Thu,M,23757
52,1994,Apr,Fri,F,27761
53,1994,Apr,Fri,M,29237
54,1994,Apr,Sat,F,21281
55,1994,Apr,Sat,M,22364
56,1994,May,Sun,F,20118
57,1994,May,Sun,M,21178
58,1994,May,Mon,F,25990
59,1994,May,Mon,M,27143
60,1994,May,Tue,F,29112
61,1994,May,Tue,M,31126
62,1994,May,Wed,F,22717
63,1994,May,Wed,M,24022
64,1994,May,Thu,F,22854
65,1994,May,Thu,M,24365
66,1994,May,Fri,F,22731
67,1994,May,Fri,M,24069
68,1994,May,Sat,F,17157
69,1994,May,Sat,M,18018
70,1994,Jun,Sun,F,16140
71,1994,Jun,Sun,M,16966
72,1994,Jun,Mon,F,21841
73,1994,Jun,Mon,M,22663
74,1994,Jun,Tue,F,23560
75,1994,Jun,Tue,M,25111
76,1994,Jun,Wed,F,29515
77,1994,Jun,Wed,M,31093
78,1994,Jun,Thu,F,29000
79,1994,Jun,Thu,M,30816
80,1994,Jun,Fri,F,23143
81,1994,Jun,Fri,M,24436
82,1994,Jun,Sat,F,17377
83,1994,Jun,Sat,M,18425
84,1994,Jul,Sun,F,20859
85,1994,Jul,Sun,M,22355
86,1994,Jul,Mon,F,21171
87,1994,Jul,Mon,M,22324
88,1994,Jul,Tue,F,24161
89,1994,Jul,Tue,M,25164
90,1994,Jul,Wed,F,24447
91,1994,Jul,Wed,M,25612
92,1994,Jul,Thu,F,24832
93,1994,Jul,Thu,M,25749
94,1994,Jul,Fri,F,30423
95,1994,Jul,Fri,M,32133
96,1994,Jul,Sat,F,22753
97,1994,Jul,Sat,M,24242
98,1994,Aug,Sun,F,17059
99,1994,Aug,Sun,M,17865
100,1994,Aug,Mon,F,28177
101,1994,Aug,Mon,M,29288
102,1994,Aug,Tue,F,30549
103,1994,Aug,Tue,M,32121
104,1994,Aug,Wed,F,30285
105,1994,Aug,Wed,M,31244
106,1994,Aug,Thu,F,23922
107,1994,Aug,Thu,M,25266
108,1994,Aug,Fri,F,23869
109,1994,Aug,Fri,M,25265
110,1994,Aug,Sat,F,18522
111,1994,Aug,Sat,M,19148
112,1994,Sep,Sun,F,16857
113,1994,Sep,Sun,M,17334
114,1994,Sep,Mon,F,21083
115,1994,Sep,Mon,M,22096
116,1994,Sep,Tue,F,23994
117,1994,Sep,Tue,M,25247
118,1994,Sep,Wed,F,24565
119,1994,Sep,Wed,M,25588
120,1994,Sep,Thu,F,30622
121,1994,Sep,Thu,M,31863
122,1994,Sep,Fri,F,30550
123,1994,Sep,Fri,M,31941
124,1994,Sep,Sat,F,18349
125,1994,Sep,Sat,M,19531
126,1994,Oct,Sun,F,20062
127,1994,Oct,Sun,M,20700
128,1994,Oct,Mon,F,26857
129,1994,Oct,Mon,M,27777
130,1994,Oct,Tue,F,24034
131,1994,Oct,Tue,M,24536
132,1994,Oct,Wed,F,22944
133,1994,Oct,Wed,M,24219
134,1994,Oct,Thu,F,22948
135,1994,Oct,Thu,M,23816
136,1994,Oct,Fri,F,22982
137,1994,Oct,Fri,M,24247
138,1994,Oct,Sat,F,22358
139,1994,Oct,Sat,M,23061
140,1994,Nov,Sun,F,15835
141,1994,Nov,Sun,M,16474
142,1994,Nov,Mon,F,22146
143,1994,Nov,Mon,M,23051
144,1994,Nov,Tue,F,29701
145,1994,Nov,Tue,M,31603
146,1994,Nov,Wed,F,28619
147,1994,Nov,Wed,M,29603
148,1994,Nov,Thu,F,21131
149,1994,Nov,Thu,M,22083
150,1994,Nov,Fri,F,21998
151,1994,Nov,Fri,M,22782
152,1994,Nov,Sat,F,17084
153,1994,Nov,Sat,M,17656
154,1994,Dec,Sun,F,15263
155,1994,Dec,Sun,M,16007
156,1994,Dec,Mon,F,20596
157,1994,Dec,Mon,M,21281
158,1994,Dec,Tue,F,23332
159,1994,Dec,Tue,M,24537
160,1994,Dec,Wed,F,23277
161,1994,Dec,Wed,M,24611
162,1994,Dec,Thu,F,28930
163,1994,Dec,Thu,M,29818
164,1994,Dec,Fri,F,27834
165,1994,Dec,Fri,M,29082
166,1994,Dec,Sat,F,20799
167,1994,Dec,Sat,M,21724
168,1995,Jan,Sun,F,19340
169,1995,Jan,Sun,M,20311
170,1995,Jan,Mon,F,24449
171,1995,Jan,Mon,M,25476
172,1995,Jan,Tue,F,27182
173,1995,Jan,Tue,M,28580
174,1995,Jan,Wed,F,22101
175,1995,Jan,Wed,M,22886
176,1995,Jan,Thu,F,22155
177,1995,Jan,Thu,M,23246
178,1995,Jan,Fri,F,22107
179,1995,Jan,Fri,M,23324
180,1995,Jan,Sat,F,17204
181,1995,Jan,Sat,M,17926
182,1995,Feb,Sun,F,15804
183,1995,Feb,Sun,M,16467
184,1995,Feb,Mon,F,20533
185,1995,Feb,Mon,M,21393
186,1995,Feb,Tue,F,23171
187,1995,Feb,Tue,M,24084
188,1995,Feb,Wed,F,22355
189,1995,Feb,Wed,M,23725
190,1995,Feb,Thu,F,22698
191,1995,Feb,Thu,M,23545
192,1995,Feb,Fri,F,22597
193,1995,Feb,Fri,M,23619
194,1995,Feb,Sat,F,17327
195,1995,Feb,Sat,M,18046
196,1995,Mar,Sun,F,15340
197,1995,Mar,Sun,M,15931
198,1995,Mar,Mon,F,20711
199,1995,Mar,Mon,M,21871
200,1995,Mar,Tue,F,22981
201,1995,Mar,Tue,M,24326
202,1995,Mar,Wed,F,28130
203,1995,Mar,Wed,M,29425
204,1995,Mar,Thu,F,27700
205,1995,Mar,Thu,M,29500
206,1995,Mar,Fri,F,28372
207,1995,Mar,Fri,M,29742
208,1995,Mar,Sat,F,16862
209,1995,Mar,Sat,M,17883
210,1995,Apr,Sun,F,18923
211,1995,Apr,Sun,M,19528
212,1995,Apr,Mon,F,21288
213,1995,Apr,Mon,M,21976
214,1995,Apr,Tue,F,23181
215,1995,Apr,Tue,M,24224
216,1995,Apr,Wed,F,22562
217,1995,Apr,Wed,M,23927
218,1995,Apr,Thu,F,22374
219,1995,Apr,Thu,M,23601
220,1995,Apr,Fri,F,21862
221,1995,Apr,Fri,M,23344
222,1995,Apr,Sat,F,20724
223,1995,Apr,Sat,M,21847
224,1995,May,Sun,F,15717
225,1995,May,Sun,M,16701
226,1995,May,Mon,F,25762
227,1995,May,Mon,M,26943
228,1995,May,Tue,F,28975
229,1995,May,Tue,M,30827
230,1995,May,Wed,F,28995
231,1995,May,Wed,M,30950
232,1995,May,Thu,F,23345
233,1995,May,Thu,M,24379
234,1995,May,Fri,F,22859
235,1995,May,Fri,M,24457
236,1995,May,Sat,F,16948
237,1995,May,Sat,M,17978
238,1995,Jun,Sun,F,15995
239,1995,Jun,Sun,M,16731
240,1995,Jun,Mon,F,21731
241,1995,Jun,Mon,M,22971
242,1995,Jun,Tue,F,23537
243,1995,Jun,Tue,M,25158
244,1995,Jun,Wed,F,23381
245,1995,Jun,Wed,M,24592
246,1995,Jun,Thu,F,29395
247,1995,Jun,Thu,M,31061
248,1995,Jun,Fri,F,29113
249,1995,Jun,Fri,M,30714
250,1995,Jun,Sat,F,17375
251,1995,Jun,Sat,M,18330
252,1995,Jul,Sun,F,20764
253,1995,Jul,Sun,M,21420
254,1995,Jul,Mon,F,27518
255,1995,Jul,Mon,M,29028
256,1995,Jul,Tue,F,22920
257,1995,Jul,Tue,M,24136
258,1995,Jul,Wed,F,23475
259,1995,Jul,Wed,M,24568
260,1995,Jul,Thu,F,24579
261,1995,Jul,Thu,M,25483
262,1995,Jul,Fri,F,24858
263,1995,Jul,Fri,M,25667
264,1995,Jul,Sat,F,22700
265,1995,Jul,Sat,M,24064
266,1995,Aug,Sun,F,16390
267,1995,Aug,Sun,M,17342
268,1995,Aug,Mon,F,22255
269,1995,Aug,Mon,M,23221
270,1995,Aug,Tue,F,30658
271,1995,Aug,Tue,M,32161
272,1995,Aug,Wed,F,29911
273,1995,Aug,Wed,M,31568
274,1995,Aug,Thu,F,30062
275,1995,Aug,Thu,M,31633
276,1995,Aug,Fri,F,24072
277,1995,Aug,Fri,M,24876
278,1995,Aug,Sat,F,17810
279,1995,Aug,Sat,M,19063
280,1995,Sep,Sun,F,16896
281,1995,Sep,Sun,M,17564
282,1995,Sep,Mon,F,21145
283,1995,Sep,Mon,M,22095
284,1995,Sep,Tue,F,24536
285,1995,Sep,Tue,M,25279
286,1995,Sep,Wed,F,24611
287,1995,Sep,Wed,M,25736
288,1995,Sep,Thu,F,24923
289,1995,Sep,Thu,M,26337
290,1995,Sep,Fri,F,30860
291,1995,Sep,Fri,M,32723
292,1995,Sep,Sat,F,22690
293,1995,Sep,Sat,M,24012
294,1995,Oct,Sun,F,19681
295,1995,Oct,Sun,M,20596
296,1995,Oct,Mon,F,26773
297,1995,Oct,Mon,M,27905
298,1995,Oct,Tue,F,29119
299,1995,Oct,Tue,M,30224
300,1995,Oct,Wed,F,23102
301,1995,Oct,Wed,M,24058
302,1995,Oct,Thu,F,23075
303,1995,Oct,Thu,M,24210
304,1995,Oct,Fri,F,22705
305,1995,Oct,Fri,M,23559
306,1995,Oct,Sat,F,17553
307,1995,Oct,Sat,M,17751
308,1995,Nov,Sun,F,15157
309,1995,Nov,Sun,M,15903
310,1995,Nov,Mon,F,21398
311,1995,Nov,Mon,M,22444
312,1995,Nov,Tue,F,23403
313,1995,Nov,Tue,M,24638
314,1995,Nov,Wed,F,28201
315,1995,Nov,Wed,M,29551
316,1995,Nov,Thu,F,26220
317,1995,Nov,Thu,M,27430
318,1995,Nov,Fri,F,21139
319,1995,Nov,Fri,M,22047
320,1995,Nov,Sat,F,16431
321,1995,Nov,Sat,M,17168
322,1995,Dec,Sun,F,18403
323,1995,Dec,Sun,M,19282
324,1995,Dec,Mon,F,19124
325,1995,Dec,Mon,M,19855
326,1995,Dec,Tue,F,22318
327,1995,Dec,Tue,M,23142
328,1995,Dec,Wed,F,22646
329,1995,Dec,Wed,M,23712
330,1995,Dec,Thu,F,23003
331,1995,Dec,Thu,M,24148
332,1995,Dec,Fri,F,28017
333,1995,Dec,Fri,M,29274
334,1995,Dec,Sat,F,20609
335,1995,Dec,Sat,M,21723
336,1996,Jan,Sun,F,15037
337,1996,Jan,Sun,M,15644
338,1996,Jan,Mon,F,23752
339,1996,Jan,Mon,M,24899
340,1996,Jan,Tue,F,26480
341,1996,Jan,Tue,M,27995
342,1996,Jan,Wed,F,27029
343,1996,Jan,Wed,M,28486
344,1996,Jan,Thu,F,22358
345,1996,Jan,Thu,M,23272
346,1996,Jan,Fri,F,22193
347,1996,Jan,Fri,M,23237
348,1996,Jan,Sat,F,16715
349,1996,Jan,Sat,M,17474
350,1996,Feb,Sun,F,15121
351,1996,Feb,Sun,M,15830
352,1996,Feb,Mon,F,20403
353,1996,Feb,Mon,M,21272
354,1996,Feb,Tue,F,22561
355,1996,Feb,Tue,M,23513
356,1996,Feb,Wed,F,22706
357,1996,Feb,Wed,M,23610
358,1996,Feb,Thu,F,27563
359,1996,Feb,Thu,M,29250
360,1996,Feb,Fri,F,22423
361,1996,Feb,Fri,M,23615
362,1996,Feb,Sat,F,16559
363,1996,Feb,Sat,M,17593
364,1996,Mar,Sun,F,19234
365,1996,Mar,Sun,M,20154
366,1996,Mar,Mon,F,20904
367,1996,Mar,Mon,M,21866
368,1996,Mar,Tue,F,22729
369,1996,Mar,Tue,M,23941
370,1996,Mar,Wed,F,22393
371,1996,Mar,Wed,M,23525
372,1996,Mar,Thu,F,22830
373,1996,Mar,Thu,M,23611
374,1996,Mar,Fri,F,28405
375,1996,Mar,Fri,M,29947
376,1996,Mar,Sat,F,21041
377,1996,Mar,Sat,M,22267
378,1996,Apr,Sun,F,14772
379,1996,Apr,Sun,M,15680
380,1996,Apr,Mon,F,25728
381,1996,Apr,Mon,M,26986
382,1996,Apr,Tue,F,28773
383,1996,Apr,Tue,M,30089
384,1996,Apr,Wed,F,22585
385,1996,Apr,Wed,M,23398
386,1996,Apr,Thu,F,22380
387,1996,Apr,Thu,M,23642
388,1996,Apr,Fri,F,21928
389,1996,Apr,Fri,M,23071
390,1996,Apr,Sat,F,16458
391,1996,Apr,Sat,M,17390
392,1996,May,Sun,F,15297
393,1996,May,Sun,M,15962
394,1996,May,Mon,F,19521
395,1996,May,Mon,M,20501
396,1996,May,Tue,F,22864
397,1996,May,Tue,M,23605
398,1996,May,Wed,F,28279
399,1996,May,Wed,M,30045
400,1996,May,Thu,F,28341
401,1996,May,Thu,M,29630
402,1996,May,Fri,F,28047
403,1996,May,Fri,M,29541
404,1996,May,Sat,F,16634
405,1996,May,Sat,M,17736
406,1996,Jun,Sun,F,19588
407,1996,Jun,Sun,M,20823
408,1996,Jun,Mon,F,21506
409,1996,Jun,Mon,M,22440
410,1996,Jun,Tue,F,23377
411,1996,Jun,Tue,M,24675
412,1996,Jun,Wed,F,23102
413,1996,Jun,Wed,M,24269
414,1996,Jun,Thu,F,23298
415,1996,Jun,Thu,M,24111
416,1996,Jun,Fri,F,23032
417,1996,Jun,Fri,M,24213
418,1996,Jun,Sat,F,21599
419,1996,Jun,Sat,M,22736
420,1996,Jul,Sun,F,16219
421,1996,Jul,Sun,M,17000
422,1996,Jul,Mon,F,27718
423,1996,Jul,Mon,M,29312
424,1996,Jul,Tue,F,31186
425,1996,Jul,Tue,M,32534
426,1996,Jul,Wed,F,30066
427,1996,Jul,Wed,M,31907
428,1996,Jul,Thu,F,22616
429,1996,Jul,Thu,M,23592
430,1996,Jul,Fri,F,22869
431,1996,Jul,Fri,M,24103
432,1996,Jul,Sat,F,17749
433,1996,Jul,Sat,M,18595
434,1996,Aug,Sun,F,16151
435,1996,Aug,Sun,M,17035
436,1996,Aug,Mon,F,22262
437,1996,Aug,Mon,M,23146
438,1996,Aug,Tue,F,24331
439,1996,Aug,Tue,M,25461
440,1996,Aug,Wed,F,24040
441,1996,Aug,Wed,M,25257
442,1996,Aug,Thu,F,30016
443,1996,Aug,Thu,M,31553
444,1996,Aug,Fri,F,30090
445,1996,Aug,Fri,M,31329
446,1996,Aug,Sat,F,22347
447,1996,Aug,Sat,M,23612
448,1996,Sep,Sun,F,20966
449,1996,Sep,Sun,M,21329
450,1996,Sep,Mon,F,26898
451,1996,Sep,Mon,M,28236
452,1996,Sep,Tue,F,24415
453,1996,Sep,Tue,M,25770
454,1996,Sep,Wed,F,24929
455,1996,Sep,Wed,M,25896
456,1996,Sep,Thu,F,24736
457,1996,Sep,Thu,M,25665
458,1996,Sep,Fri,F,24653
459,1996,Sep,Fri,M,25542
460,1996,Sep,Sat,F,18741
461,1996,Sep,Sat,M,18861
462,1996,Oct,Sun,F,15616
463,1996,Oct,Sun,M,16199
464,1996,Oct,Mon,F,21350
465,1996,Oct,Mon,M,22288
466,1996,Oct,Tue,F,30265
467,1996,Oct,Tue,M,31127
468,1996,Oct,Wed,F,29262
469,1996,Oct,Wed,M,30713
470,1996,Oct,Thu,F,28278
471,1996,Oct,Thu,M,29795
472,1996,Oct,Fri,F,23056
473,1996,Oct,Fri,M,23902
474,1996,Oct,Sat,F,17112
475,1996,Oct,Sat,M,17693
476,1996,Nov,Sun,F,15072
477,1996,Nov,Sun,M,15635
478,1996,Nov,Mon,F,21371
479,1996,Nov,Mon,M,22156
480,1996,Nov,Tue,F,23686
481,1996,Nov,Tue,M,24516
482,1996,Nov,Wed,F,22217
483,1996,Nov,Wed,M,23196
484,1996,Nov,Thu,F,20976
485,1996,Nov,Thu,M,21823
486,1996,Nov,Fri,F,27320
487,1996,Nov,Fri,M,28867
488,1996,Nov,Sat,F,20979
489,1996,Nov,Sat,M,21865
490,1996,Dec,Sun,F,19173
491,1996,Dec,Sun,M,20169
492,1996,Dec,Mon,F,27072
493,1996,Dec,Mon,M,28291
494,1996,Dec,Tue,F,28177
495,1996,Dec,Tue,M,29306
496,1996,Dec,Wed,F,20815
497,1996,Dec,Wed,M,21784
498,1996,Dec,Thu,F,22456
499,1996,Dec,Thu,M,23512
500,1996,Dec,Fri,F,22953
501,1996,Dec,Fri,M,24064
502,1996,Dec,Sat,F,16915
503,1996,Dec,Sat,M,18030
504,1997,Jan,Sun,F,14744
505,1997,Jan,Sun,M,15536
506,1997,Jan,Mon,F,20400
507,1997,Jan,Mon,M,21328
508,1997,Jan,Tue,F,22775
509,1997,Jan,Tue,M,23574
510,1997,Jan,Wed,F,26191
511,1997,Jan,Wed,M,26990
512,1997,Jan,Thu,F,26871
513,1997,Jan,Thu,M,28064
514,1997,Jan,Fri,F,28048
515,1997,Jan,Fri,M,28991
516,1997,Jan,Sat,F,16379
517,1997,Jan,Sat,M,17608
518,1997,Feb,Sun,F,14931
519,1997,Feb,Sun,M,15596
520,1997,Feb,Mon,F,20525
521,1997,Feb,Mon,M,21380
522,1997,Feb,Tue,F,22434
523,1997,Feb,Tue,M,23653
524,1997,Feb,Wed,F,22496
525,1997,Feb,Wed,M,23528
526,1997,Feb,Thu,F,22391
527,1997,Feb,Thu,M,23400
528,1997,Feb,Fri,F,22756
529,1997,Feb,Fri,M,24123
530,1997,Feb,Sat,F,16726
531,1997,Feb,Sat,M,17856
532,1997,Mar,Sun,F,18700
533,1997,Mar,Sun,M,19336
534,1997,Mar,Mon,F,26372
535,1997,Mar,Mon,M,27270
536,1997,Mar,Tue,F,23340
537,1997,Mar,Tue,M,24442
538,1997,Mar,Wed,F,22866
539,1997,Mar,Wed,M,23808
540,1997,Mar,Thu,F,22513
541,1997,Mar,Thu,M,23821
542,1997,Mar,Fri,F,22551
543,1997,Mar,Fri,M,23652
544,1997,Mar,Sat,F,20993
545,1997,Mar,Sat,M,21819
546,1997,Apr,Sun,F,14768
547,1997,Apr,Sun,M,15095
548,1997,Apr,Mon,F,20881
549,1997,Apr,Mon,M,21557
550,1997,Apr,Tue,F,28148
551,1997,Apr,Tue,M,29746
552,1997,Apr,Wed,F,28069
553,1997,Apr,Wed,M,29775
554,1997,Apr,Thu,F,22729
555,1997,Apr,Thu,M,23969
556,1997,Apr,Fri,F,22375
557,1997,Apr,Fri,M,23521
558,1997,Apr,Sat,F,16554
559,1997,Apr,Sat,M,17272
560,1997,May,Sun,F,15263
561,1997,May,Sun,M,15848
562,1997,May,Mon,F,20278
563,1997,May,Mon,M,21246
564,1997,May,Tue,F,23200
565,1997,May,Tue,M,24118
566,1997,May,Wed,F,23208
567,1997,May,Wed,M,24767
568,1997,May,Thu,F,29256
569,1997,May,Thu,M,30743
570,1997,May,Fri,F,29038
571,1997,May,Fri,M,30416
572,1997,May,Sat,F,21061
573,1997,May,Sat,M,22158
574,1997,Jun,Sun,F,18972
575,1997,Jun,Sun,M,20206
576,1997,Jun,Mon,F,26948
577,1997,Jun,Mon,M,28121
578,1997,Jun,Tue,F,23799
579,1997,Jun,Tue,M,25237
580,1997,Jun,Wed,F,23443
581,1997,Jun,Wed,M,24598
582,1997,Jun,Thu,F,23300
583,1997,Jun,Thu,M,24754
584,1997,Jun,Fri,F,23074
585,1997,Jun,Fri,M,24231
586,1997,Jun,Sat,F,17198
587,1997,Jun,Sat,M,18288
588,1997,Jul,Sun,F,15758
589,1997,Jul,Sun,M,16413
590,1997,Jul,Mon,F,22262
591,1997,Jul,Mon,M,23353
592,1997,Jul,Tue,F,31205
593,1997,Jul,Tue,M,32817
594,1997,Jul,Wed,F,30399
595,1997,Jul,Wed,M,31924
596,1997,Jul,Thu,F,30248
597,1997,Jul,Thu,M,31419
598,1997,Jul,Fri,F,22394
599,1997,Jul,Fri,M,23503
600,1997,Jul,Sat,F,17125
601,1997,Jul,Sat,M,17994
602,1997,Aug,Sun,F,19820
603,1997,Aug,Sun,M,20695
604,1997,Aug,Mon,F,22082
605,1997,Aug,Mon,M,22900
606,1997,Aug,Tue,F,24413
607,1997,Aug,Tue,M,25913
608,1997,Aug,Wed,F,23805
609,1997,Aug,Wed,M,24916
610,1997,Aug,Thu,F,24105
611,1997,Aug,Thu,M,25013
612,1997,Aug,Fri,F,29620
613,1997,Aug,Fri,M,31371
614,1997,Aug,Sat,F,22083
615,1997,Aug,Sat,M,22720
616,1997,Sep,Sun,F,16004
617,1997,Sep,Sun,M,16934
618,1997,Sep,Mon,F,26523
619,1997,Sep,Mon,M,27401
620,1997,Sep,Tue,F,30137
621,1997,Sep,Tue,M,31738
622,1997,Sep,Wed,F,24316
623,1997,Sep,Wed,M,25618
624,1997,Sep,Thu,F,24346
625,1997,Sep,Thu,M,25138
626,1997,Sep,Fri,F,24003
627,1997,Sep,Fri,M,25500
628,1997,Sep,Sat,F,17646
629,1997,Sep,Sat,M,18608
630,1997,Oct,Sun,F,14862
631,1997,Oct,Sun,M,15854
632,1997,Oct,Mon,F,20970
633,1997,Oct,Mon,M,21981
634,1997,Oct,Tue,F,23395
635,1997,Oct,Tue,M,24468
636,1997,Oct,Wed,F,28531
637,1997,Oct,Wed,M,29905
638,1997,Oct,Thu,F,28548
639,1997,Oct,Thu,M,29484
640,1997,Oct,Fri,F,27743
641,1997,Oct,Fri,M,29065
642,1997,Oct,Sat,F,16596
643,1997,Oct,Sat,M,17549
644,1997,Nov,Sun,F,18942
645,1997,Nov,Sun,M,19933
646,1997,Nov,Mon,F,21594
647,1997,Nov,Mon,M,22675
648,1997,Nov,Tue,F,23731
649,1997,Nov,Tue,M,25177
650,1997,Nov,Wed,F,22437
651,1997,Nov,Wed,M,23545
652,1997,Nov,Thu,F,20730
653,1997,Nov,Thu,M,21589
654,1997,Nov,Fri,F,21700
655,1997,Nov,Fri,M,22681
656,1997,Nov,Sat,F,21060
657,1997,Nov,Sat,M,21795
658,1997,Dec,Sun,F,15056
659,1997,Dec,Sun,M,15632
660,1997,Dec,Mon,F,28092
661,1997,Dec,Mon,M,29116
662,1997,Dec,Tue,F,30308
663,1997,Dec,Tue,M,32164
664,1997,Dec,Wed,F,27764
665,1997,Dec,Wed,M,28971
666,1997,Dec,Thu,F,21276
667,1997,Dec,Thu,M,21600
668,1997,Dec,Fri,F,22169
669,1997,Dec,Fri,M,23253
670,1997,Dec,Sat,F,16566
671,1997,Dec,Sat,M,17635
672,1998,Jan,Sun,F,14982
673,1998,Jan,Sun,M,15767
674,1998,Jan,Mon,F,20552
675,1998,Jan,Mon,M,21684
676,1998,Jan,Tue,F,23046
677,1998,Jan,Tue,M,24297
678,1998,Jan,Wed,F,22292
679,1998,Jan,Wed,M,23848
680,1998,Jan,Thu,F,26518
681,1998,Jan,Thu,M,27944
682,1998,Jan,Fri,F,27321
683,1998,Jan,Fri,M,28509
684,1998,Jan,Sat,F,20960
685,1998,Jan,Sat,M,21853
686,1998,Feb,Sun,F,15437
687,1998,Feb,Sun,M,15933
688,1998,Feb,Mon,F,21218
689,1998,Feb,Mon,M,22138
690,1998,Feb,Tue,F,23518
691,1998,Feb,Tue,M,24460
692,1998,Feb,Wed,F,22995
693,1998,Feb,Wed,M,24374
694,1998,Feb,Thu,F,23261
695,1998,Feb,Thu,M,24243
696,1998,Feb,Fri,F,22644
697,1998,Feb,Fri,M,23584
698,1998,Feb,Sat,F,17237
699,1998,Feb,Sat,M,17909
700,1998,Mar,Sun,F,19025
701,1998,Mar,Sun,M,19766
702,1998,Mar,Mon,F,26778
703,1998,Mar,Mon,M,27696
704,1998,Mar,Tue,F,29744
705,1998,Mar,Tue,M,31065
706,1998,Mar,Wed,F,23112
707,1998,Mar,Wed,M,24099
708,1998,Mar,Thu,F,23050
709,1998,Mar,Thu,M,24624
710,1998,Mar,Fri,F,22869
711,1998,Mar,Fri,M,23518
712,1998,Mar,Sat,F,16713
713,1998,Mar,Sat,M,17651
714,1998,Apr,Sun,F,14516
715,1998,Apr,Sun,M,15406
716,1998,Apr,Mon,F,21067
717,1998,Apr,Mon,M,21941
718,1998,Apr,Tue,F,23862
719,1998,Apr,Tue,M,25025
720,1998,Apr,Wed,F,28492
721,1998,Apr,Wed,M,29726
722,1998,Apr,Thu,F,28861
723,1998,Apr,Thu,M,30416
724,1998,Apr,Fri,F,22533
725,1998,Apr,Fri,M,23933
726,1998,Apr,Sat,F,16847
727,1998,Apr,Sat,M,17406
728,1998,May,Sun,F,18990
729,1998,May,Sun,M,20119
730,1998,May,Mon,F,20230
731,1998,May,Mon,M,20810
732,1998,May,Tue,F,23890
733,1998,May,Tue,M,24953
734,1998,May,Wed,F,23616
735,1998,May,Wed,M,24945
736,1998,May,Thu,F,23943
737,1998,May,Thu,M,25197
738,1998,May,Fri,F,29538
739,1998,May,Fri,M,30818
740,1998,May,Sat,F,21336
741,1998,May,Sat,M,22379
742,1998,Jun,Sun,F,15159
743,1998,Jun,Sun,M,15982
744,1998,Jun,Mon,F,26733
745,1998,Jun,Mon,M,28634
746,1998,Jun,Tue,F,30004
747,1998,Jun,Tue,M,31690
748,1998,Jun,Wed,F,23592
749,1998,Jun,Wed,M,24652
750,1998,Jun,Thu,F,23489
751,1998,Jun,Thu,M,24556
752,1998,Jun,Fri,F,23151
753,1998,Jun,Fri,M,24400
754,1998,Jun,Sat,F,17079
755,1998,Jun,Sat,M,18261
756,1998,Jul,Sun,F,15575
757,1998,Jul,Sun,M,16340
758,1998,Jul,Mon,F,21928
759,1998,Jul,Mon,M,23237
760,1998,Jul,Tue,F,25210
761,1998,Jul,Tue,M,26239
762,1998,Jul,Wed,F,30793
763,1998,Jul,Wed,M,32411
764,1998,Jul,Thu,F,30590
765,1998,Jul,Thu,M,31837
766,1998,Jul,Fri,F,29183
767,1998,Jul,Fri,M,30451
768,1998,Jul,Sat,F,17097
769,1998,Jul,Sat,M,18101
770,1998,Aug,Sun,F,19845
771,1998,Aug,Sun,M,20831
772,1998,Aug,Mon,F,28057
773,1998,Aug,Mon,M,29495
774,1998,Aug,Tue,F,25099
775,1998,Aug,Tue,M,26356
776,1998,Aug,Wed,F,24263
777,1998,Aug,Wed,M,25564
778,1998,Aug,Thu,F,24487
779,1998,Aug,Thu,M,25643
780,1998,Aug,Fri,F,24356
781,1998,Aug,Fri,M,25377
782,1998,Aug,Sat,F,22246
783,1998,Aug,Sat,M,23481
784,1998,Sep,Sun,F,16203
785,1998,Sep,Sun,M,16958
786,1998,Sep,Mon,F,21477
787,1998,Sep,Mon,M,22084
788,1998,Sep,Tue,F,31122
789,1998,Sep,Tue,M,32177
790,1998,Sep,Wed,F,31033
791,1998,Sep,Wed,M,32588
792,1998,Sep,Thu,F,25251
793,1998,Sep,Thu,M,26194
794,1998,Sep,Fri,F,25062
795,1998,Sep,Fri,M,26273
796,1998,Sep,Sat,F,18354
797,1998,Sep,Sat,M,18980
798,1998,Oct,Sun,F,15167
799,1998,Oct,Sun,M,16149
800,1998,Oct,Mon,F,21486
801,1998,Oct,Mon,M,22200
802,1998,Oct,Tue,F,23876
803,1998,Oct,Tue,M,24935
804,1998,Oct,Wed,F,23505
805,1998,Oct,Wed,M,24274
806,1998,Oct,Thu,F,29459
807,1998,Oct,Thu,M,30722
808,1998,Oct,Fri,F,28744
809,1998,Oct,Fri,M,29975
810,1998,Oct,Sat,F,20761
811,1998,Oct,Sat,M,21885
812,1998,Nov,Sun,F,18786
813,1998,Nov,Sun,M,19854
814,1998,Nov,Mon,F,27448
815,1998,Nov,Mon,M,29081
816,1998,Nov,Tue,F,24613
817,1998,Nov,Tue,M,25470
818,1998,Nov,Wed,F,22743
819,1998,Nov,Wed,M,23733
820,1998,Nov,Thu,F,21114
821,1998,Nov,Thu,M,22310
822,1998,Nov,Fri,F,21718
823,1998,Nov,Fri,M,22351
824,1998,Nov,Sat,F,16964
825,1998,Nov,Sat,M,17362
826,1998,Dec,Sun,F,15040
827,1998,Dec,Sun,M,15688
828,1998,Dec,Mon,F,22579
829,1998,Dec,Mon,M,23807
830,1998,Dec,Tue,F,31533
831,1998,Dec,Tue,M,32847
832,1998,Dec,Wed,F,29383
833,1998,Dec,Wed,M,31204
834,1998,Dec,Thu,F,27445
835,1998,Dec,Thu,M,28695
836,1998,Dec,Fri,F,21146
837,1998,Dec,Fri,M,21505
838,1998,Dec,Sat,F,16165
839,1998,Dec,Sat,M,17211
840,1999,Jan,Sun,F,18368
841,1999,Jan,Sun,M,19516
842,1999,Jan,Mon,F,21045
843,1999,Jan,Mon,M,21685
844,1999,Jan,Tue,F,23395
845,1999,Jan,Tue,M,24567
846,1999,Jan,Wed,F,22940
847,1999,Jan,Wed,M,23906
848,1999,Jan,Thu,F,23154
849,1999,Jan,Thu,M,24331
850,1999,Jan,Fri,F,27000
851,1999,Jan,Fri,M,27932
852,1999,Jan,Sat,F,20152
853,1999,Jan,Sat,M,21503
854,1999,Feb,Sun,F,15106
855,1999,Feb,Sun,M,15968
856,1999,Feb,Mon,F,20941
857,1999,Feb,Mon,M,22228
858,1999,Feb,Tue,F,23507
859,1999,Feb,Tue,M,24599
860,1999,Feb,Wed,F,23232
861,1999,Feb,Wed,M,24024
862,1999,Feb,Thu,F,23194
863,1999,Feb,Thu,M,24368
864,1999,Feb,Fri,F,22819
865,1999,Feb,Fri,M,24062
866,1999,Feb,Sat,F,16373
867,1999,Feb,Sat,M,17411
868,1999,Mar,Sun,F,14668
869,1999,Mar,Sun,M,15460
870,1999,Mar,Mon,F,26546
871,1999,Mar,Mon,M,28042
872,1999,Mar,Tue,F,29546
873,1999,Mar,Tue,M,31031
874,1999,Mar,Wed,F,28992
875,1999,Mar,Wed,M,30412
876,1999,Mar,Thu,F,23092
877,1999,Mar,Thu,M,24339
878,1999,Mar,Fri,F,22893
879,1999,Mar,Fri,M,23910
880,1999,Mar,Sat,F,16911
881,1999,Mar,Sat,M,17380
882,1999,Apr,Sun,F,14395
883,1999,Apr,Sun,M,14978
884,1999,Apr,Mon,F,20971
885,1999,Apr,Mon,M,22308
886,1999,Apr,Tue,F,23411
887,1999,Apr,Tue,M,24644
888,1999,Apr,Wed,F,22826
889,1999,Apr,Wed,M,24376
890,1999,Apr,Thu,F,28465
891,1999,Apr,Thu,M,29951
892,1999,Apr,Fri,F,27858
893,1999,Apr,Fri,M,29590
894,1999,Apr,Sat,F,16224
895,1999,Apr,Sat,M,17160
896,1999,May,Sun,F,18752
897,1999,May,Sun,M,19415
898,1999,May,Mon,F,25525
899,1999,May,Mon,M,26944
900,1999,May,Tue,F,24356
901,1999,May,Tue,M,25724
902,1999,May,Wed,F,23690
903,1999,May,Wed,M,24837
904,1999,May,Thu,F,23862
905,1999,May,Thu,M,24832
906,1999,May,Fri,F,23304
907,1999,May,Fri,M,24762
908,1999,May,Sat,F,20635
909,1999,May,Sat,M,22168
910,1999,Jun,Sun,F,15037
911,1999,Jun,Sun,M,15985
912,1999,Jun,Mon,F,22227
913,1999,Jun,Mon,M,23081
914,1999,Jun,Tue,F,30151
915,1999,Jun,Tue,M,31727
916,1999,Jun,Wed,F,30057
917,1999,Jun,Wed,M,31665
918,1999,Jun,Thu,F,24273
919,1999,Jun,Thu,M,25232
920,1999,Jun,Fri,F,23500
921,1999,Jun,Fri,M,24530
922,1999,Jun,Sat,F,17010
923,1999,Jun,Sat,M,18041
924,1999,Jul,Sun,F,15706
925,1999,Jul,Sun,M,16396
926,1999,Jul,Mon,F,21013
927,1999,Jul,Mon,M,22193
928,1999,Jul,Tue,F,24613
929,1999,Jul,Tue,M,25655
930,1999,Jul,Wed,F,25302
931,1999,Jul,Wed,M,26217
932,1999,Jul,Thu,F,31495
933,1999,Jul,Thu,M,33225
934,1999,Jul,Fri,F,30799
935,1999,Jul,Fri,M,32150
936,1999,Jul,Sat,F,21977
937,1999,Jul,Sat,M,23485
938,1999,Aug,Sun,F,19798
939,1999,Aug,Sun,M,20857
940,1999,Aug,Mon,F,28473
941,1999,Aug,Mon,M,29644
942,1999,Aug,Tue,F,31601
943,1999,Aug,Tue,M,33094
944,1999,Aug,Wed,F,24630
945,1999,Aug,Wed,M,25986
946,1999,Aug,Thu,F,24979
947,1999,Aug,Thu,M,26176
948,1999,Aug,Fri,F,24277
949,1999,Aug,Fri,M,25478
950,1999,Aug,Sat,F,17960
951,1999,Aug,Sat,M,18798
952,1999,Sep,Sun,F,16467
953,1999,Sep,Sun,M,17092
954,1999,Sep,Mon,F,21447
955,1999,Sep,Mon,M,22416
956,1999,Sep,Tue,F,25106
957,1999,Sep,Tue,M,26428
958,1999,Sep,Wed,F,31636
959,1999,Sep,Wed,M,33112
960,1999,Sep,Thu,F,32080
961,1999,Sep,Thu,M,33942
962,1999,Sep,Fri,F,25521
963,1999,Sep,Fri,M,26778
964,1999,Sep,Sat,F,18442
965,1999,Sep,Sat,M,19356
966,1999,Oct,Sun,F,18920
967,1999,Oct,Sun,M,19370
968,1999,Oct,Mon,F,22064
969,1999,Oct,Mon,M,22791
970,1999,Oct,Tue,F,24468
971,1999,Oct,Tue,M,25465
972,1999,Oct,Wed,F,23568
973,1999,Oct,Wed,M,24541
974,1999,Oct,Thu,F,23514
975,1999,Oct,Thu,M,24630
976,1999,Oct,Fri,F,29811
977,1999,Oct,Fri,M,30778
978,1999,Oct,Sat,F,21002
979,1999,Oct,Sat,M,22429
980,1999,Nov,Sun,F,14685
981,1999,Nov,Sun,M,15297
982,1999,Nov,Mon,F,27550
983,1999,Nov,Mon,M,28533
984,1999,Nov,Tue,F,30232
985,1999,Nov,Tue,M,31658
986,1999,Nov,Wed,F,22772
987,1999,Nov,Wed,M,23780
988,1999,Nov,Thu,F,21034
989,1999,Nov,Thu,M,22065
990,1999,Nov,Fri,F,21940
991,1999,Nov,Fri,M,22540
992,1999,Nov,Sat,F,16392
993,1999,Nov,Sat,M,17189
994,1999,Dec,Sun,F,14756
995,1999,Dec,Sun,M,15490
996,1999,Dec,Mon,F,22431
997,1999,Dec,Mon,M,23482
998,1999,Dec,Tue,F,25095
999,1999,Dec,Tue,M,26610
1000,1999,Dec,Wed,F,30230
1001,1999,Dec,Wed,M,31387
1002,1999,Dec,Thu,F,28593
1003,1999,Dec,Thu,M,30139
1004,1999,Dec,Fri,F,25887
1005,1999,Dec,Fri,M,27057
1006,1999,Dec,Sat,F,15841
1007,1999,Dec,Sat,M,16622
1008,2000,Jan,Sun,F,18666
1009,2000,Jan,Sun,M,19755
1010,2000,Jan,Mon,F,26946
1011,2000,Jan,Mon,M,28328
1012,2000,Jan,Tue,F,24280
1013,2000,Jan,Tue,M,25148
1014,2000,Jan,Wed,F,23695
1015,2000,Jan,Wed,M,24618
1016,2000,Jan,Thu,F,23394
1017,2000,Jan,Thu,M,24808
1018,2000,Jan,Fri,F,23154
1019,2000,Jan,Fri,M,24440
1020,2000,Jan,Sat,F,21153
1021,2000,Jan,Sat,M,22128
1022,2000,Feb,Sun,F,15040
1023,2000,Feb,Sun,M,16006
1024,2000,Feb,Mon,F,22035
1025,2000,Feb,Mon,M,22928
1026,2000,Feb,Tue,F,30120
1027,2000,Feb,Tue,M,31649
1028,2000,Feb,Wed,F,23393
1029,2000,Feb,Wed,M,24992
1030,2000,Feb,Thu,F,23730
1031,2000,Feb,Thu,M,24899
1032,2000,Feb,Fri,F,23538
1033,2000,Feb,Fri,M,24646
1034,2000,Feb,Sat,F,16838
1035,2000,Feb,Sat,M,17877
1036,2000,Mar,Sun,F,15719
1037,2000,Mar,Sun,M,16383
1038,2000,Mar,Mon,F,21977
1039,2000,Mar,Mon,M,23133
1040,2000,Mar,Tue,F,24650
1041,2000,Mar,Tue,M,25863
1042,2000,Mar,Wed,F,29585
1043,2000,Mar,Wed,M,31076
1044,2000,Mar,Thu,F,29517
1045,2000,Mar,Thu,M,31161
1046,2000,Mar,Fri,F,27879
1047,2000,Mar,Fri,M,29379
1048,2000,Mar,Sat,F,16797
1049,2000,Mar,Sat,M,17813
1050,2000,Apr,Sun,F,18593
1051,2000,Apr,Sun,M,19803
1052,2000,Apr,Mon,F,22154
1053,2000,Apr,Mon,M,23213
1054,2000,Apr,Tue,F,24462
1055,2000,Apr,Tue,M,25225
1056,2000,Apr,Wed,F,23523
1057,2000,Apr,Wed,M,24936
1058,2000,Apr,Thu,F,23192
1059,2000,Apr,Thu,M,24336
1060,2000,Apr,Fri,F,22602
1061,2000,Apr,Fri,M,23621
1062,2000,Apr,Sat,F,20512
1063,2000,Apr,Sat,M,21361
1064,2000,May,Sun,F,16038
1065,2000,May,Sun,M,17101
1066,2000,May,Mon,F,26968
1067,2000,May,Mon,M,27786
1068,2000,May,Tue,F,30174
1069,2000,May,Tue,M,31999
1070,2000,May,Wed,F,29793
1071,2000,May,Wed,M,31054
1072,2000,May,Thu,F,23923
1073,2000,May,Thu,M,25456
1074,2000,May,Fri,F,22900
1075,2000,May,Fri,M,24278
1076,2000,May,Sat,F,16647
1077,2000,May,Sat,M,17487
1078,2000,Jun,Sun,F,16213
1079,2000,Jun,Sun,M,17168
1080,2000,Jun,Mon,F,22724
1081,2000,Jun,Mon,M,24293
1082,2000,Jun,Tue,F,24621
1083,2000,Jun,Tue,M,26106
1084,2000,Jun,Wed,F,25006
1085,2000,Jun,Wed,M,26650
1086,2000,Jun,Thu,F,31135
1087,2000,Jun,Thu,M,32625
1088,2000,Jun,Fri,F,29240
1089,2000,Jun,Fri,M,30424
1090,2000,Jun,Sat,F,17419
1091,2000,Jun,Sat,M,17981
1092,2000,Jul,Sun,F,21004
1093,2000,Jul,Sun,M,22082
1094,2000,Jul,Mon,F,28168
1095,2000,Jul,Mon,M,29540
1096,2000,Jul,Tue,F,23922
1097,2000,Jul,Tue,M,25133
1098,2000,Jul,Wed,F,24695
1099,2000,Jul,Wed,M,25776
1100,2000,Jul,Thu,F,25297
1101,2000,Jul,Thu,M,26590
1102,2000,Jul,Fri,F,24911
1103,2000,Jul,Fri,M,26210
1104,2000,Jul,Sat,F,22330
1105,2000,Jul,Sat,M,23771
1106,2000,Aug,Sun,F,16675
1107,2000,Aug,Sun,M,17436
1108,2000,Aug,Mon,F,23911
1109,2000,Aug,Mon,M,24934
1110,2000,Aug,Tue,F,32089
1111,2000,Aug,Tue,M,33434
1112,2000,Aug,Wed,F,31166
1113,2000,Aug,Wed,M,32696
1114,2000,Aug,Thu,F,30750
1115,2000,Aug,Thu,M,31980
1116,2000,Aug,Fri,F,24152
1117,2000,Aug,Fri,M,25099
1118,2000,Aug,Sat,F,17765
1119,2000,Aug,Sat,M,18451
1120,2000,Sep,Sun,F,16954
1121,2000,Sep,Sun,M,17710
1122,2000,Sep,Mon,F,22344
1123,2000,Sep,Mon,M,23320
1124,2000,Sep,Tue,F,25643
1125,2000,Sep,Tue,M,26587
1126,2000,Sep,Wed,F,25966
1127,2000,Sep,Wed,M,27126
1128,2000,Sep,Thu,F,26876
1129,2000,Sep,Thu,M,27506
1130,2000,Sep,Fri,F,30467
1131,2000,Sep,Fri,M,32182
1132,2000,Sep,Sat,F,22161
1133,2000,Sep,Sat,M,23262
1134,2000,Oct,Sun,F,20240
1135,2000,Oct,Sun,M,21547
1136,2000,Oct,Mon,F,28139
1137,2000,Oct,Mon,M,29867
1138,2000,Oct,Tue,F,29794
1139,2000,Oct,Tue,M,31260
1140,2000,Oct,Wed,F,24683
1141,2000,Oct,Wed,M,25826
1142,2000,Oct,Thu,F,24582
1143,2000,Oct,Thu,M,25578
1144,2000,Oct,Fri,F,22867
1145,2000,Oct,Fri,M,23924
1146,2000,Oct,Sat,F,17734
1147,2000,Oct,Sat,M,18348
1148,2000,Nov,Sun,F,16239
1149,2000,Nov,Sun,M,16840
1150,2000,Nov,Mon,F,23523
1151,2000,Nov,Mon,M,24452
1152,2000,Nov,Tue,F,26264
1153,2000,Nov,Tue,M,27159
1154,2000,Nov,Wed,F,30416
1155,2000,Nov,Wed,M,31688
1156,2000,Nov,Thu,F,28256
1157,2000,Nov,Thu,M,29271
1158,2000,Nov,Fri,F,22199
1159,2000,Nov,Fri,M,23136
1160,2000,Nov,Sat,F,17189
1161,2000,Nov,Sat,M,17660
1162,2000,Dec,Sun,F,18824
1163,2000,Dec,Sun,M,19617
1164,2000,Dec,Mon,F,20854
1165,2000,Dec,Mon,M,21484
1166,2000,Dec,Tue,F,24127
1167,2000,Dec,Tue,M,25510
1168,2000,Dec,Wed,F,24671
1169,2000,Dec,Wed,M,26292
1170,2000,Dec,Thu,F,25902
1171,2000,Dec,Thu,M,26717
1172,2000,Dec,Fri,F,29379
1173,2000,Dec,Fri,M,30683
1174,2000,Dec,Sat,F,21182
1175,2000,Dec,Sat,M,21951
1176,2001,Jan,Sun,F,15064
1177,2001,Jan,Sun,M,15716
1178,2001,Jan,Mon,F,25635
1179,2001,Jan,Mon,M,26309
1180,2001,Jan,Tue,F,28718
1181,2001,Jan,Tue,M,30261
1182,2001,Jan,Wed,F,29675
1183,2001,Jan,Wed,M,30981
1184,2001,Jan,Thu,F,24066
1185,2001,Jan,Thu,M,25250
1186,2001,Jan,Fri,F,23948
1187,2001,Jan,Fri,M,25032
1188,2001,Jan,Sat,F,17298
1189,2001,Jan,Sat,M,17659
1190,2001,Feb,Sun,F,14907
1191,2001,Feb,Sun,M,15241
1192,2001,Feb,Mon,F,21960
1193,2001,Feb,Mon,M,22495
1194,2001,Feb,Tue,F,23669
1195,2001,Feb,Tue,M,24828
1196,2001,Feb,Wed,F,24075
1197,2001,Feb,Wed,M,25090
1198,2001,Feb,Thu,F,23786
1199,2001,Feb,Thu,M,25234
1200,2001,Feb,Fri,F,23697
1201,2001,Feb,Fri,M,24791
1202,2001,Feb,Sat,F,16546
1203,2001,Feb,Sat,M,17580
1204,2001,Mar,Sun,F,14802
1205,2001,Mar,Sun,M,15561
1206,2001,Mar,Mon,F,21919
1207,2001,Mar,Mon,M,22811
1208,2001,Mar,Tue,F,24104
1209,2001,Mar,Tue,M,25202
1210,2001,Mar,Wed,F,23752
1211,2001,Mar,Wed,M,25348
1212,2001,Mar,Thu,F,29843
1213,2001,Mar,Thu,M,31385
1214,2001,Mar,Fri,F,29619
1215,2001,Mar,Fri,M,31139
1216,2001,Mar,Sat,F,21320
1217,2001,Mar,Sat,M,22283
1218,2001,Apr,Sun,F,18050
1219,2001,Apr,Sun,M,18842
1220,2001,Apr,Mon,F,27631
1221,2001,Apr,Mon,M,28880
1222,2001,Apr,Tue,F,24572
1223,2001,Apr,Tue,M,26171
1224,2001,Apr,Wed,F,24309
1225,2001,Apr,Wed,M,25395
1226,2001,Apr,Thu,F,24026
1227,2001,Apr,Thu,M,25033
1228,2001,Apr,Fri,F,23139
1229,2001,Apr,Fri,M,24070
1230,2001,Apr,Sat,F,16508
1231,2001,Apr,Sat,M,17413
1232,2001,May,Sun,F,14652
1233,2001,May,Sun,M,15644
1234,2001,May,Mon,F,20557
1235,2001,May,Mon,M,21488
1236,2001,May,Tue,F,30373
1237,2001,May,Tue,M,32578
1238,2001,May,Wed,F,30721
1239,2001,May,Wed,M,32015
1240,2001,May,Thu,F,30705
1241,2001,May,Thu,M,32217
1242,2001,May,Fri,F,23850
1243,2001,May,Fri,M,25018
1244,2001,May,Sat,F,17020
1245,2001,May,Sat,M,17655
1246,2001,Jun,Sun,F,14839
1247,2001,Jun,Sun,M,15640
1248,2001,Jun,Mon,F,22296
1249,2001,Jun,Mon,M,23448
1250,2001,Jun,Tue,F,24641
1251,2001,Jun,Tue,M,25896
1252,2001,Jun,Wed,F,24129
1253,2001,Jun,Wed,M,25556
1254,2001,Jun,Thu,F,24633
1255,2001,Jun,Thu,M,25347
1256,2001,Jun,Fri,F,30264
1257,2001,Jun,Fri,M,31413
1258,2001,Jun,Sat,F,21145
1259,2001,Jun,Sat,M,22290
1260,2001,Jul,Sun,F,19465
1261,2001,Jul,Sun,M,20348
1262,2001,Jul,Mon,F,29252
1263,2001,Jul,Mon,M,30711
1264,2001,Jul,Tue,F,32390
1265,2001,Jul,Tue,M,33615
1266,2001,Jul,Wed,F,23665
1267,2001,Jul,Wed,M,24285
1268,2001,Jul,Thu,F,24913
1269,2001,Jul,Thu,M,26188
1270,2001,Jul,Fri,F,24552
1271,2001,Jul,Fri,M,25529
1272,2001,Jul,Sat,F,17845
1273,2001,Jul,Sat,M,18828
1274,2001,Aug,Sun,F,15455
1275,2001,Aug,Sun,M,16457
1276,2001,Aug,Mon,F,23136
1277,2001,Aug,Mon,M,23999
1278,2001,Aug,Tue,F,25934
1279,2001,Aug,Tue,M,27082
1280,2001,Aug,Wed,F,31559
1281,2001,Aug,Wed,M,32808
1282,2001,Aug,Thu,F,31731
1283,2001,Aug,Thu,M,33575
1284,2001,Aug,Fri,F,31551
1285,2001,Aug,Fri,M,32790
1286,2001,Aug,Sat,F,17665
1287,2001,Aug,Sat,M,18640
1288,2001,Sep,Sun,F,19885
1289,2001,Sep,Sun,M,20801
1290,2001,Sep,Mon,F,21907
1291,2001,Sep,Mon,M,23044
1292,2001,Sep,Tue,F,25684
1293,2001,Sep,Tue,M,26777
1294,2001,Sep,Wed,F,25945
1295,2001,Sep,Wed,M,27058
1296,2001,Sep,Thu,F,26067
1297,2001,Sep,Thu,M,26920
1298,2001,Sep,Fri,F,25653
1299,2001,Sep,Fri,M,27058
1300,2001,Sep,Sat,F,22607
1301,2001,Sep,Sat,M,23680
1302,2001,Oct,Sun,F,14760
1303,2001,Oct,Sun,M,15381
1304,2001,Oct,Mon,F,28117
1305,2001,Oct,Mon,M,29373
1306,2001,Oct,Tue,F,30768
1307,2001,Oct,Tue,M,32325
1308,2001,Oct,Wed,F,29547
1309,2001,Oct,Wed,M,31078
1310,2001,Oct,Thu,F,24354
1311,2001,Oct,Thu,M,25497
1312,2001,Oct,Fri,F,24206
1313,2001,Oct,Fri,M,25033
1314,2001,Oct,Sat,F,16763
1315,2001,Oct,Sat,M,17397
1316,2001,Nov,Sun,F,14588
1317,2001,Nov,Sun,M,14971
1318,2001,Nov,Mon,F,22919
1319,2001,Nov,Mon,M,23959
1320,2001,Nov,Tue,F,24569
1321,2001,Nov,Tue,M,26102
1322,2001,Nov,Wed,F,23847
1323,2001,Nov,Wed,M,24607
1324,2001,Nov,Thu,F,27760
1325,2001,Nov,Thu,M,29284
1326,2001,Nov,Fri,F,28537
1327,2001,Nov,Fri,M,29578
1328,2001,Nov,Sat,F,16361
1329,2001,Nov,Sat,M,17132
1330,2001,Dec,Sun,F,17882
1331,2001,Dec,Sun,M,18785
1332,2001,Dec,Mon,F,25571
1333,2001,Dec,Mon,M,26623
1334,2001,Dec,Tue,F,21840
1335,2001,Dec,Tue,M,22670
1336,2001,Dec,Wed,F,23822
1337,2001,Dec,Wed,M,24856
1338,2001,Dec,Thu,F,25212
1339,2001,Dec,Thu,M,26007
1340,2001,Dec,Fri,F,24943
1341,2001,Dec,Fri,M,25804
1342,2001,Dec,Sat,F,21080
1343,2001,Dec,Sat,M,21901
1344,2002,Jan,Sun,F,14367
1345,2002,Jan,Sun,M,15269
1346,2002,Jan,Mon,F,21823
1347,2002,Jan,Mon,M,22829
1348,2002,Jan,Tue,F,27611
1349,2002,Jan,Tue,M,28657
1350,2002,Jan,Wed,F,27909
1351,2002,Jan,Wed,M,29536
1352,2002,Jan,Thu,F,29398
1353,2002,Jan,Thu,M,31367
1354,2002,Jan,Fri,F,23744
1355,2002,Jan,Fri,M,24674
1356,2002,Jan,Sat,F,16625
1357,2002,Jan,Sat,M,17280
1358,2002,Feb,Sun,F,14382
1359,2002,Feb,Sun,M,15132
1360,2002,Feb,Mon,F,21833
1361,2002,Feb,Mon,M,22802
1362,2002,Feb,Tue,F,24021
1363,2002,Feb,Tue,M,25030
1364,2002,Feb,Wed,F,23663
1365,2002,Feb,Wed,M,24717
1366,2002,Feb,Thu,F,24147
1367,2002,Feb,Thu,M,25126
1368,2002,Feb,Fri,F,23945
1369,2002,Feb,Fri,M,25065
1370,2002,Feb,Sat,F,16754
1371,2002,Feb,Sat,M,17755
1372,2002,Mar,Sun,F,18145
1373,2002,Mar,Sun,M,18784
1374,2002,Mar,Mon,F,21995
1375,2002,Mar,Mon,M,23198
1376,2002,Mar,Tue,F,24477
1377,2002,Mar,Tue,M,25410
1378,2002,Mar,Wed,F,23795
1379,2002,Mar,Wed,M,24843
1380,2002,Mar,Thu,F,24072
1381,2002,Mar,Thu,M,25147
1382,2002,Mar,Fri,F,29498
1383,2002,Mar,Fri,M,30449
1384,2002,Mar,Sat,F,20369
1385,2002,Mar,Sat,M,21712
1386,2002,Apr,Sun,F,13933
1387,2002,Apr,Sun,M,15208
1388,2002,Apr,Mon,F,27107
1389,2002,Apr,Mon,M,28348
1390,2002,Apr,Tue,F,30485
1391,2002,Apr,Tue,M,31848
1392,2002,Apr,Wed,F,23815
1393,2002,Apr,Wed,M,24925
1394,2002,Apr,Thu,F,23918
1395,2002,Apr,Thu,M,24716
1396,2002,Apr,Fri,F,23425
1397,2002,Apr,Fri,M,24301
1398,2002,Apr,Sat,F,15991
1399,2002,Apr,Sat,M,16829
1400,2002,May,Sun,F,14431
1401,2002,May,Sun,M,14894
1402,2002,May,Mon,F,20255
1403,2002,May,Mon,M,21439
1404,2002,May,Tue,F,24139
1405,2002,May,Tue,M,25451
1406,2002,May,Wed,F,30353
1407,2002,May,Wed,M,32056
1408,2002,May,Thu,F,30380
1409,2002,May,Thu,M,31871
1410,2002,May,Fri,F,29818
1411,2002,May,Fri,M,31210
1412,2002,May,Sat,F,16154
1413,2002,May,Sat,M,17004
1414,2002,Jun,Sun,F,18456
1415,2002,Jun,Sun,M,19353
1416,2002,Jun,Mon,F,22712
1417,2002,Jun,Mon,M,23492
1418,2002,Jun,Tue,F,24728
1419,2002,Jun,Tue,M,26263
1420,2002,Jun,Wed,F,24519
1421,2002,Jun,Wed,M,25686
1422,2002,Jun,Thu,F,24622
1423,2002,Jun,Thu,M,25901
1424,2002,Jun,Fri,F,23956
1425,2002,Jun,Fri,M,25485
1426,2002,Jun,Sat,F,20799
1427,2002,Jun,Sat,M,22081
1428,2002,Jul,Sun,F,15261
1429,2002,Jul,Sun,M,16153
1430,2002,Jul,Mon,F,29613
1431,2002,Jul,Mon,M,31013
1432,2002,Jul,Tue,F,32968
1433,2002,Jul,Tue,M,34576
1434,2002,Jul,Wed,F,32186
1435,2002,Jul,Wed,M,33417
1436,2002,Jul,Thu,F,23787
1437,2002,Jul,Thu,M,24973
1438,2002,Jul,Fri,F,24176
1439,2002,Jul,Fri,M,24941
1440,2002,Jul,Sat,F,17094
1441,2002,Jul,Sat,M,18062
1442,2002,Aug,Sun,F,15112
1443,2002,Aug,Sun,M,16140
1444,2002,Aug,Mon,F,23521
1445,2002,Aug,Mon,M,24603
1446,2002,Aug,Tue,F,26030
1447,2002,Aug,Tue,M,27450
1448,2002,Aug,Wed,F,25385
1449,2002,Aug,Wed,M,26665
1450,2002,Aug,Thu,F,32040
1451,2002,Aug,Thu,M,33609
1452,2002,Aug,Fri,F,31388
1453,2002,Aug,Fri,M,33098
1454,2002,Aug,Sat,F,22025
1455,2002,Aug,Sat,M,22879
1456,2002,Sep,Sun,F,19541
1457,2002,Sep,Sun,M,20577
1458,2002,Sep,Mon,F,28239
1459,2002,Sep,Mon,M,29651
1460,2002,Sep,Tue,F,26252
1461,2002,Sep,Tue,M,27566
1462,2002,Sep,Wed,F,25877
1463,2002,Sep,Wed,M,27150
1464,2002,Sep,Thu,F,26691
1465,2002,Sep,Thu,M,27958
1466,2002,Sep,Fri,F,25854
1467,2002,Sep,Fri,M,26923
1468,2002,Sep,Sat,F,17997
1469,2002,Sep,Sat,M,19120
1470,2002,Oct,Sun,F,14657
1471,2002,Oct,Sun,M,15223
1472,2002,Oct,Mon,F,22714
1473,2002,Oct,Mon,M,23496
1474,2002,Oct,Tue,F,31293
1475,2002,Oct,Tue,M,32874
1476,2002,Oct,Wed,F,30510
1477,2002,Oct,Wed,M,31938
1478,2002,Oct,Thu,F,29509
1479,2002,Oct,Thu,M,31071
1480,2002,Oct,Fri,F,24025
1481,2002,Oct,Fri,M,25142
1482,2002,Oct,Sat,F,16774
1483,2002,Oct,Sat,M,17098
1484,2002,Nov,Sun,F,14456
1485,2002,Nov,Sun,M,15224
1486,2002,Nov,Mon,F,22905
1487,2002,Nov,Mon,M,23757
1488,2002,Nov,Tue,F,24510
1489,2002,Nov,Tue,M,26111
1490,2002,Nov,Wed,F,23549
1491,2002,Nov,Wed,M,24202
1492,2002,Nov,Thu,F,21587
1493,2002,Nov,Thu,M,22759
1494,2002,Nov,Fri,F,28670
1495,2002,Nov,Fri,M,29856
1496,2002,Nov,Sat,F,20172
1497,2002,Nov,Sat,M,21291
1498,2002,Dec,Sun,F,18236
1499,2002,Dec,Sun,M,19028
1500,2002,Dec,Mon,F,29165
1501,2002,Dec,Mon,M,29899
1502,2002,Dec,Tue,F,29076
1503,2002,Dec,Tue,M,30920
1504,2002,Dec,Wed,F,21637
1505,2002,Dec,Wed,M,22996
1506,2002,Dec,Thu,F,24037
1507,2002,Dec,Thu,M,25141
1508,2002,Dec,Fri,F,24444
1509,2002,Dec,Fri,M,25577
1510,2002,Dec,Sat,F,16987
1511,2002,Dec,Sat,M,17587
1512,2003,Jan,Sun,F,14301
1513,2003,Jan,Sun,M,14996
1514,2003,Jan,Mon,F,21596
1515,2003,Jan,Mon,M,22772
1516,2003,Jan,Tue,F,24082
1517,2003,Jan,Tue,M,25449
1518,2003,Jan,Wed,F,26887
1519,2003,Jan,Wed,M,28409
1520,2003,Jan,Thu,F,28661
1521,2003,Jan,Thu,M,29962
1522,2003,Jan,Fri,F,29342
1523,2003,Jan,Fri,M,30535
1524,2003,Jan,Sat,F,16331
1525,2003,Jan,Sat,M,16981
1526,2003,Feb,Sun,F,14621
1527,2003,Feb,Sun,M,15494
1528,2003,Feb,Mon,F,22124
1529,2003,Feb,Mon,M,23214
1530,2003,Feb,Tue,F,24411
1531,2003,Feb,Tue,M,25663
1532,2003,Feb,Wed,F,23745
1533,2003,Feb,Wed,M,24965
1534,2003,Feb,Thu,F,24071
1535,2003,Feb,Thu,M,24971
1536,2003,Feb,Fri,F,24413
1537,2003,Feb,Fri,M,25419
1538,2003,Feb,Sat,F,16893
1539,2003,Feb,Sat,M,17658
1540,2003,Mar,Sun,F,17951
1541,2003,Mar,Sun,M,18924
1542,2003,Mar,Mon,F,28593
1543,2003,Mar,Mon,M,29976
1544,2003,Mar,Tue,F,24631
1545,2003,Mar,Tue,M,26307
1546,2003,Mar,Wed,F,24061
1547,2003,Mar,Wed,M,25264
1548,2003,Mar,Thu,F,24087
1549,2003,Mar,Thu,M,25425
1550,2003,Mar,Fri,F,24171
1551,2003,Mar,Fri,M,25509
1552,2003,Mar,Sat,F,20824
1553,2003,Mar,Sat,M,21695
1554,2003,Apr,Sun,F,14111
1555,2003,Apr,Sun,M,14655
1556,2003,Apr,Mon,F,22541
1557,2003,Apr,Mon,M,23441
1558,2003,Apr,Tue,F,30636
1559,2003,Apr,Tue,M,31705
1560,2003,Apr,Wed,F,30057
1561,2003,Apr,Wed,M,32072
1562,2003,Apr,Thu,F,24249
1563,2003,Apr,Thu,M,25705
1564,2003,Apr,Fri,F,23745
1565,2003,Apr,Fri,M,24575
1566,2003,Apr,Sat,F,16092
1567,2003,Apr,Sat,M,17005
1568,2003,May,Sun,F,14806
1569,2003,May,Sun,M,15300
1570,2003,May,Mon,F,21364
1571,2003,May,Mon,M,22088
1572,2003,May,Tue,F,24727
1573,2003,May,Tue,M,25849
1574,2003,May,Wed,F,25264
1575,2003,May,Wed,M,26637
1576,2003,May,Thu,F,31524
1577,2003,May,Thu,M,33116
1578,2003,May,Fri,F,30947
1579,2003,May,Fri,M,32616
1580,2003,May,Sat,F,20818
1581,2003,May,Sat,M,22169
1582,2003,Jun,Sun,F,18441
1583,2003,Jun,Sun,M,19560
1584,2003,Jun,Mon,F,29137
1585,2003,Jun,Mon,M,30861
1586,2003,Jun,Tue,F,25592
1587,2003,Jun,Tue,M,26894
1588,2003,Jun,Wed,F,25146
1589,2003,Jun,Wed,M,26636
1590,2003,Jun,Thu,F,25068
1591,2003,Jun,Thu,M,26387
1592,2003,Jun,Fri,F,24242
1593,2003,Jun,Fri,M,25436
1594,2003,Jun,Sat,F,16697
1595,2003,Jun,Sat,M,17847
1596,2003,Jul,Sun,F,15257
1597,2003,Jul,Sun,M,16141
1598,2003,Jul,Mon,F,23988
1599,2003,Jul,Mon,M,25072
1600,2003,Jul,Tue,F,33048
1601,2003,Jul,Tue,M,34893
1602,2003,Jul,Wed,F,32578
1603,2003,Jul,Wed,M,34217
1604,2003,Jul,Thu,F,32587
1605,2003,Jul,Thu,M,34190
1606,2003,Jul,Fri,F,23449
1607,2003,Jul,Fri,M,24689
1608,2003,Jul,Sat,F,16848
1609,2003,Jul,Sat,M,17843
1610,2003,Aug,Sun,F,18994
1611,2003,Aug,Sun,M,20234
1612,2003,Aug,Mon,F,24018
1613,2003,Aug,Mon,M,24795
1614,2003,Aug,Tue,F,26555
1615,2003,Aug,Tue,M,27970
1616,2003,Aug,Wed,F,25782
1617,2003,Aug,Wed,M,27166
1618,2003,Aug,Thu,F,26211
1619,2003,Aug,Thu,M,27515
1620,2003,Aug,Fri,F,32128
1621,2003,Aug,Fri,M,33898
1622,2003,Aug,Sat,F,22009
1623,2003,Aug,Sat,M,23408
1624,2003,Sep,Sun,F,16062
1625,2003,Sep,Sun,M,16930
1626,2003,Sep,Mon,F,28841
1627,2003,Sep,Mon,M,29705
1628,2003,Sep,Tue,F,32908
1629,2003,Sep,Tue,M,34516
1630,2003,Sep,Wed,F,27122
1631,2003,Sep,Wed,M,28254
1632,2003,Sep,Thu,F,26646
1633,2003,Sep,Thu,M,27661
1634,2003,Sep,Fri,F,26524
1635,2003,Sep,Fri,M,27704
1636,2003,Sep,Sat,F,18167
1637,2003,Sep,Sat,M,19158
1638,2003,Oct,Sun,F,14940
1639,2003,Oct,Sun,M,15632
1640,2003,Oct,Mon,F,22938
1641,2003,Oct,Mon,M,23880
1642,2003,Oct,Tue,F,25686
1643,2003,Oct,Tue,M,26823
1644,2003,Oct,Wed,F,31723
1645,2003,Oct,Wed,M,32924
1646,2003,Oct,Thu,F,31354
1647,2003,Oct,Thu,M,32594
1648,2003,Oct,Fri,F,30194
1649,2003,Oct,Fri,M,31452
1650,2003,Oct,Sat,F,16824
1651,2003,Oct,Sat,M,17619
1652,2003,Nov,Sun,F,17836
1653,2003,Nov,Sun,M,18973
1654,2003,Nov,Mon,F,24020
1655,2003,Nov,Mon,M,24673
1656,2003,Nov,Tue,F,25709
1657,2003,Nov,Tue,M,26722
1658,2003,Nov,Wed,F,24332
1659,2003,Nov,Wed,M,25402
1660,2003,Nov,Thu,F,22064
1661,2003,Nov,Thu,M,22722
1662,2003,Nov,Fri,F,22739
1663,2003,Nov,Fri,M,23878
1664,2003,Nov,Sat,F,20160
1665,2003,Nov,Sat,M,21387
1666,2003,Dec,Sun,F,14491
1667,2003,Dec,Sun,M,15328
1668,2003,Dec,Mon,F,29999
1669,2003,Dec,Mon,M,31408
1670,2003,Dec,Tue,F,32619
1671,2003,Dec,Tue,M,33684
1672,2003,Dec,Wed,F,29263
1673,2003,Dec,Wed,M,30746
1674,2003,Dec,Thu,F,21952
1675,2003,Dec,Thu,M,22952
1676,2003,Dec,Fri,F,23338
1677,2003,Dec,Fri,M,24517
1678,2003,Dec,Sat,F,16484
1679,2003,Dec,Sat,M,17288
1680,2004,Jan,Sun,F,14344
1681,2004,Jan,Sun,M,14920
1682,2004,Jan,Mon,F,22293
1683,2004,Jan,Mon,M,23046
1684,2004,Jan,Tue,F,24434
1685,2004,Jan,Tue,M,25837
1686,2004,Jan,Wed,F,24187
1687,2004,Jan,Wed,M,25688
1688,2004,Jan,Thu,F,28194
1689,2004,Jan,Thu,M,29560
1690,2004,Jan,Fri,F,29154
1691,2004,Jan,Fri,M,30313
1692,2004,Jan,Sat,F,20024
1693,2004,Jan,Sat,M,21414
1694,2004,Feb,Sun,F,18057
1695,2004,Feb,Sun,M,18678
1696,2004,Feb,Mon,F,22281
1697,2004,Feb,Mon,M,23147
1698,2004,Feb,Tue,F,24947
1699,2004,Feb,Tue,M,26206
1700,2004,Feb,Wed,F,24529
1701,2004,Feb,Wed,M,25847
1702,2004,Feb,Thu,F,24357
1703,2004,Feb,Thu,M,25664
1704,2004,Feb,Fri,F,23809
1705,2004,Feb,Fri,M,24763
1706,2004,Feb,Sat,F,16732
1707,2004,Feb,Sat,M,17293
1708,2004,Mar,Sun,F,14380
1709,2004,Mar,Sun,M,15064
1710,2004,Mar,Mon,F,28296
1711,2004,Mar,Mon,M,30183
1712,2004,Mar,Tue,F,30985
1713,2004,Mar,Tue,M,32722
1714,2004,Mar,Wed,F,30725
1715,2004,Mar,Wed,M,31846
1716,2004,Mar,Thu,F,24494
1717,2004,Mar,Thu,M,25649
1718,2004,Mar,Fri,F,23819
1719,2004,Mar,Fri,M,25263
1720,2004,Mar,Sat,F,16259
1721,2004,Mar,Sat,M,17169
1722,2004,Apr,Sun,F,14134
1723,2004,Apr,Sun,M,14974
1724,2004,Apr,Mon,F,22776
1725,2004,Apr,Mon,M,24060
1726,2004,Apr,Tue,F,24977
1727,2004,Apr,Tue,M,26107
1728,2004,Apr,Wed,F,24550
1729,2004,Apr,Wed,M,25741
1730,2004,Apr,Thu,F,30502
1731,2004,Apr,Thu,M,31774
1732,2004,Apr,Fri,F,29841
1733,2004,Apr,Fri,M,31093
1734,2004,Apr,Sat,F,16138
1735,2004,Apr,Sat,M,17191
1736,2004,May,Sun,F,18059
1737,2004,May,Sun,M,19076
1738,2004,May,Mon,F,26862
1739,2004,May,Mon,M,28666
1740,2004,May,Tue,F,25110
1741,2004,May,Tue,M,26733
1742,2004,May,Wed,F,24655
1743,2004,May,Wed,M,25759
1744,2004,May,Thu,F,24826
1745,2004,May,Thu,M,26012
1746,2004,May,Fri,F,24231
1747,2004,May,Fri,M,25956
1748,2004,May,Sat,F,20523
1749,2004,May,Sat,M,21700
1750,2004,Jun,Sun,F,14540
1751,2004,Jun,Sun,M,15569
1752,2004,Jun,Mon,F,23626
1753,2004,Jun,Mon,M,24446
1754,2004,Jun,Tue,F,31696
1755,2004,Jun,Tue,M,33016
1756,2004,Jun,Wed,F,31847
1757,2004,Jun,Wed,M,33353
1758,2004,Jun,Thu,F,25647
1759,2004,Jun,Thu,M,26655
1760,2004,Jun,Fri,F,24952
1761,2004,Jun,Fri,M,25904
1762,2004,Jun,Sat,F,16698
1763,2004,Jun,Sat,M,17449
1764,2004,Jul,Sun,F,14772
1765,2004,Jul,Sun,M,15914
1766,2004,Jul,Mon,F,22240
1767,2004,Jul,Mon,M,23262
1768,2004,Jul,Tue,F,25806
1769,2004,Jul,Tue,M,27066
1770,2004,Jul,Wed,F,26300
1771,2004,Jul,Wed,M,27513
1772,2004,Jul,Thu,F,32717
1773,2004,Jul,Thu,M,34666
1774,2004,Jul,Fri,F,32010
1775,2004,Jul,Fri,M,33458
1776,2004,Jul,Sat,F,21612
1777,2004,Jul,Sat,M,22714
1778,2004,Aug,Sun,F,18749
1779,2004,Aug,Sun,M,20009
1780,2004,Aug,Mon,F,29753
1781,2004,Aug,Mon,M,30973
1782,2004,Aug,Tue,F,32331
1783,2004,Aug,Tue,M,33888
1784,2004,Aug,Wed,F,25583
1785,2004,Aug,Wed,M,26764
1786,2004,Aug,Thu,F,25532
1787,2004,Aug,Thu,M,26578
1788,2004,Aug,Fri,F,24891
1789,2004,Aug,Fri,M,25725
1790,2004,Aug,Sat,F,17141
1791,2004,Aug,Sat,M,18158
1792,2004,Sep,Sun,F,15610
1793,2004,Sep,Sun,M,16551
1794,2004,Sep,Mon,F,22241
1795,2004,Sep,Mon,M,23525
1796,2004,Sep,Tue,F,26531
1797,2004,Sep,Tue,M,27223
1798,2004,Sep,Wed,F,32873
1799,2004,Sep,Wed,M,34625
1800,2004,Sep,Thu,F,32972
1801,2004,Sep,Thu,M,34730
1802,2004,Sep,Fri,F,26219
1803,2004,Sep,Fri,M,27505
1804,2004,Sep,Sat,F,17550
1805,2004,Sep,Sat,M,18548
1806,2004,Oct,Sun,F,18526
1807,2004,Oct,Sun,M,19304
1808,2004,Oct,Mon,F,23568
1809,2004,Oct,Mon,M,24563
1810,2004,Oct,Tue,F,26004
1811,2004,Oct,Tue,M,26863
1812,2004,Oct,Wed,F,25129
1813,2004,Oct,Wed,M,26373
1814,2004,Oct,Thu,F,25406
1815,2004,Oct,Thu,M,26474
1816,2004,Oct,Fri,F,31082
1817,2004,Oct,Fri,M,32681
1818,2004,Oct,Sat,F,21101
1819,2004,Oct,Sat,M,22036
1820,2004,Nov,Sun,F,14723
1821,2004,Nov,Sun,M,15375
1822,2004,Nov,Mon,F,30107
1823,2004,Nov,Mon,M,31489
1824,2004,Nov,Tue,F,32841
1825,2004,Nov,Tue,M,34173
1826,2004,Nov,Wed,F,24704
1827,2004,Nov,Wed,M,25806
1828,2004,Nov,Thu,F,22526
1829,2004,Nov,Thu,M,23598
1830,2004,Nov,Fri,F,23096
1831,2004,Nov,Fri,M,24187
1832,2004,Nov,Sat,F,16367
1833,2004,Nov,Sat,M,17317
1834,2004,Dec,Sun,F,14366
1835,2004,Dec,Sun,M,15060
1836,2004,Dec,Mon,F,23670
1837,2004,Dec,Mon,M,25097
1838,2004,Dec,Tue,F,26466
1839,2004,Dec,Tue,M,27423
1840,2004,Dec,Wed,F,32031
1841,2004,Dec,Wed,M,33244
1842,2004,Dec,Thu,F,30625
1843,2004,Dec,Thu,M,31764
1844,2004,Dec,Fri,F,27055
1845,2004,Dec,Fri,M,28343
1846,2004,Dec,Sat,F,15394
1847,2004,Dec,Sat,M,16126
1848,2005,Jan,Sun,F,17179
1849,2005,Jan,Sun,M,18297
1850,2005,Jan,Mon,F,27631
1851,2005,Jan,Mon,M,28762
1852,2005,Jan,Tue,F,24899
1853,2005,Jan,Tue,M,25629
1854,2005,Jan,Wed,F,24440
1855,2005,Jan,Wed,M,25626
1856,2005,Jan,Thu,F,24336
1857,2005,Jan,Thu,M,25499
1858,2005,Jan,Fri,F,24200
1859,2005,Jan,Fri,M,25300
1860,2005,Jan,Sat,F,19675
1861,2005,Jan,Sat,M,20557
1862,2005,Feb,Sun,F,14299
1863,2005,Feb,Sun,M,15038
1864,2005,Feb,Mon,F,22876
1865,2005,Feb,Mon,M,23453
1866,2005,Feb,Tue,F,24877
1867,2005,Feb,Tue,M,26421
1868,2005,Feb,Wed,F,24558
1869,2005,Feb,Wed,M,25669
1870,2005,Feb,Thu,F,24461
1871,2005,Feb,Thu,M,25612
1872,2005,Feb,Fri,F,24206
1873,2005,Feb,Fri,M,25384
1874,2005,Feb,Sat,F,16065
1875,2005,Feb,Sat,M,17177
1876,2005,Mar,Sun,F,13807
1877,2005,Mar,Sun,M,14870
1878,2005,Mar,Mon,F,22850
1879,2005,Mar,Mon,M,24206
1880,2005,Mar,Tue,F,31275
1881,2005,Mar,Tue,M,33143
1882,2005,Mar,Wed,F,30712
1883,2005,Mar,Wed,M,32327
1884,2005,Mar,Thu,F,31167
1885,2005,Mar,Thu,M,32658
1886,2005,Mar,Fri,F,24057
1887,2005,Mar,Fri,M,25634
1888,2005,Mar,Sat,F,16132
1889,2005,Mar,Sat,M,17043
1890,2005,Apr,Sun,F,13881
1891,2005,Apr,Sun,M,14784
1892,2005,Apr,Mon,F,23242
1893,2005,Apr,Mon,M,24661
1894,2005,Apr,Tue,F,25399
1895,2005,Apr,Tue,M,26532
1896,2005,Apr,Wed,F,24764
1897,2005,Apr,Wed,M,26012
1898,2005,Apr,Thu,F,24901
1899,2005,Apr,Thu,M,26044
1900,2005,Apr,Fri,F,29715
1901,2005,Apr,Fri,M,31820
1902,2005,Apr,Sat,F,20080
1903,2005,Apr,Sat,M,21192
1904,2005,May,Sun,F,17648
1905,2005,May,Sun,M,18725
1906,2005,May,Mon,F,27192
1907,2005,May,Mon,M,28771
1908,2005,May,Tue,F,31729
1909,2005,May,Tue,M,33616
1910,2005,May,Wed,F,25179
1911,2005,May,Wed,M,26747
1912,2005,May,Thu,F,26243
1913,2005,May,Thu,M,27312
1914,2005,May,Fri,F,24494
1915,2005,May,Fri,M,25538
1916,2005,May,Sat,F,16464
1917,2005,May,Sat,M,17172
1918,2005,Jun,Sun,F,14653
1919,2005,Jun,Sun,M,15410
1920,2005,Jun,Mon,F,23705
1921,2005,Jun,Mon,M,24579
1922,2005,Jun,Tue,F,26094
1923,2005,Jun,Tue,M,27609
1924,2005,Jun,Wed,F,32645
1925,2005,Jun,Wed,M,34145
1926,2005,Jun,Thu,F,32498
1927,2005,Jun,Thu,M,34050
1928,2005,Jun,Fri,F,25229
1929,2005,Jun,Fri,M,26616
1930,2005,Jun,Sat,F,16643
1931,2005,Jun,Sat,M,17570
1932,2005,Jul,Sun,F,18656
1933,2005,Jul,Sun,M,19691
1934,2005,Jul,Mon,F,21989
1935,2005,Jul,Mon,M,23093
1936,2005,Jul,Tue,F,26062
1937,2005,Jul,Tue,M,27156
1938,2005,Jul,Wed,F,26324
1939,2005,Jul,Wed,M,27856
1940,2005,Jul,Thu,F,27149
1941,2005,Jul,Thu,M,28107
1942,2005,Jul,Fri,F,32827
1943,2005,Jul,Fri,M,34340
1944,2005,Jul,Sat,F,21632
1945,2005,Jul,Sat,M,22818
1946,2005,Aug,Sun,F,15052
1947,2005,Aug,Sun,M,15586
1948,2005,Aug,Mon,F,30255
1949,2005,Aug,Mon,M,31601
1950,2005,Aug,Tue,F,33179
1951,2005,Aug,Tue,M,34743
1952,2005,Aug,Wed,F,32570
1953,2005,Aug,Wed,M,34383
1954,2005,Aug,Thu,F,26494
1955,2005,Aug,Thu,M,27891
1956,2005,Aug,Fri,F,25684
1957,2005,Aug,Fri,M,27091
1958,2005,Aug,Sat,F,17212
1959,2005,Aug,Sat,M,18304
1960,2005,Sep,Sun,F,15536
1961,2005,Sep,Sun,M,16310
1962,2005,Sep,Mon,F,22879
1963,2005,Sep,Mon,M,24006
1964,2005,Sep,Tue,F,26501
1965,2005,Sep,Tue,M,28084
1966,2005,Sep,Wed,F,27380
1967,2005,Sep,Wed,M,28402
1968,2005,Sep,Thu,F,34036
1969,2005,Sep,Thu,M,35457
1970,2005,Sep,Fri,F,33624
1971,2005,Sep,Fri,M,35016
1972,2005,Sep,Sat,F,18017
1973,2005,Sep,Sat,M,18866
1974,2005,Oct,Sun,F,18083
1975,2005,Oct,Sun,M,19050
1976,2005,Oct,Mon,F,28792
1977,2005,Oct,Mon,M,29822
1978,2005,Oct,Tue,F,25556
1979,2005,Oct,Tue,M,26835
1980,2005,Oct,Wed,F,25318
1981,2005,Oct,Wed,M,26082
1982,2005,Oct,Thu,F,25571
1983,2005,Oct,Thu,M,26503
1984,2005,Oct,Fri,F,24775
1985,2005,Oct,Fri,M,25952
1986,2005,Oct,Sat,F,20700
1987,2005,Oct,Sat,M,22254
1988,2005,Nov,Sun,F,14485
1989,2005,Nov,Sun,M,14948
1990,2005,Nov,Mon,F,24348
1991,2005,Nov,Mon,M,25225
1992,2005,Nov,Tue,F,33087
1993,2005,Nov,Tue,M,34355
1994,2005,Nov,Wed,F,31003
1995,2005,Nov,Wed,M,32684
1996,2005,Nov,Thu,F,22670
1997,2005,Nov,Thu,M,23588
1998,2005,Nov,Fri,F,22930
1999,2005,Nov,Fri,M,24066
2000,2005,Nov,Sat,F,16083
2001,2005,Nov,Sat,M,16837
2002,2005,Dec,Sun,F,13830
2003,2005,Dec,Sun,M,14358
2004,2005,Dec,Mon,F,22431
2005,2005,Dec,Mon,M,23278
2006,2005,Dec,Tue,F,25993
2007,2005,Dec,Tue,M,27180
2008,2005,Dec,Wed,F,26383
2009,2005,Dec,Wed,M,27929
2010,2005,Dec,Thu,F,32006
2011,2005,Dec,Thu,M,33593
2012,2005,Dec,Fri,F,29935
2013,2005,Dec,Fri,M,31211
2014,2005,Dec,Sat,F,19755
2015,2005,Dec,Sat,M,20966
2016,2006,Jan,Sun,F,17926
2017,2006,Jan,Sun,M,18529
2018,2006,Jan,Mon,F,26843
2019,2006,Jan,Mon,M,28127
2020,2006,Jan,Tue,F,30644
2021,2006,Jan,Tue,M,32161
2022,2006,Jan,Wed,F,24818
2023,2006,Jan,Wed,M,26065
2024,2006,Jan,Thu,F,25303
2025,2006,Jan,Thu,M,26410
2026,2006,Jan,Fri,F,24830
2027,2006,Jan,Fri,M,25561
2028,2006,Jan,Sat,F,16342
2029,2006,Jan,Sat,M,17340
2030,2006,Feb,Sun,F,14329
2031,2006,Feb,Sun,M,15279
2032,2006,Feb,Mon,F,23157
2033,2006,Feb,Mon,M,23981
2034,2006,Feb,Tue,F,25975
2035,2006,Feb,Tue,M,26895
2036,2006,Feb,Wed,F,25297
2037,2006,Feb,Wed,M,26615
2038,2006,Feb,Thu,F,25573
2039,2006,Feb,Thu,M,26624
2040,2006,Feb,Fri,F,25299
2041,2006,Feb,Fri,M,26500
2042,2006,Feb,Sat,F,16651
2043,2006,Feb,Sat,M,17670
2044,2006,Mar,Sun,F,14346
2045,2006,Mar,Sun,M,15137
2046,2006,Mar,Mon,F,23244
2047,2006,Mar,Mon,M,24561
2048,2006,Mar,Tue,F,25607
2049,2006,Mar,Tue,M,26778
2050,2006,Mar,Wed,F,31579
2051,2006,Mar,Wed,M,33512
2052,2006,Mar,Thu,F,31636
2053,2006,Mar,Thu,M,33119
2054,2006,Mar,Fri,F,30868
2055,2006,Mar,Fri,M,32912
2056,2006,Mar,Sat,F,16644
2057,2006,Mar,Sat,M,17417
2058,2006,Apr,Sun,F,17150
2059,2006,Apr,Sun,M,18405
2060,2006,Apr,Mon,F,23549
2061,2006,Apr,Mon,M,24518
2062,2006,Apr,Tue,F,25691
2063,2006,Apr,Tue,M,26902
2064,2006,Apr,Wed,F,25220
2065,2006,Apr,Wed,M,26473
2066,2006,Apr,Thu,F,25216
2067,2006,Apr,Thu,M,26299
2068,2006,Apr,Fri,F,24291
2069,2006,Apr,Fri,M,25502
2070,2006,Apr,Sat,F,19937
2071,2006,Apr,Sat,M,21242
2072,2006,May,Sun,F,14284
2073,2006,May,Sun,M,15252
2074,2006,May,Mon,F,27741
2075,2006,May,Mon,M,29381
2076,2006,May,Tue,F,32428
2077,2006,May,Tue,M,33404
2078,2006,May,Wed,F,32401
2079,2006,May,Wed,M,33965
2080,2006,May,Thu,F,25487
2081,2006,May,Thu,M,26910
2082,2006,May,Fri,F,24929
2083,2006,May,Fri,M,26146
2084,2006,May,Sat,F,16104
2085,2006,May,Sat,M,17631
2086,2006,Jun,Sun,F,14903
2087,2006,Jun,Sun,M,15912
2088,2006,Jun,Mon,F,24635
2089,2006,Jun,Mon,M,25883
2090,2006,Jun,Tue,F,25436
2091,2006,Jun,Tue,M,26923
2092,2006,Jun,Wed,F,26600
2093,2006,Jun,Wed,M,27917
2094,2006,Jun,Thu,F,33873
2095,2006,Jun,Thu,M,35238
2096,2006,Jun,Fri,F,32656
2097,2006,Jun,Fri,M,34117
2098,2006,Jun,Sat,F,16934
2099,2006,Jun,Sat,M,17870
2100,2006,Jul,Sun,F,19368
2101,2006,Jul,Sun,M,20562
2102,2006,Jul,Mon,F,31067
2103,2006,Jul,Mon,M,32608
2104,2006,Jul,Tue,F,25310
2105,2006,Jul,Tue,M,26467
2106,2006,Jul,Wed,F,26351
2107,2006,Jul,Wed,M,27955
2108,2006,Jul,Thu,F,27527
2109,2006,Jul,Thu,M,29039
2110,2006,Jul,Fri,F,27469
2111,2006,Jul,Fri,M,28569
2112,2006,Jul,Sat,F,22415
2113,2006,Jul,Sat,M,23926
2114,2006,Aug,Sun,F,15555
2115,2006,Aug,Sun,M,16297
2116,2006,Aug,Mon,F,25289
2117,2006,Aug,Mon,M,27066
2118,2006,Aug,Tue,F,34938
2119,2006,Aug,Tue,M,36530
2120,2006,Aug,Wed,F,34452
2121,2006,Aug,Wed,M,35916
2122,2006,Aug,Thu,F,34572
2123,2006,Aug,Thu,M,35712
2124,2006,Aug,Fri,F,26715
2125,2006,Aug,Fri,M,28185
2126,2006,Aug,Sat,F,18018
2127,2006,Aug,Sat,M,19236
2128,2006,Sep,Sun,F,16270
2129,2006,Sep,Sun,M,17028
2130,2006,Sep,Mon,F,23367
2131,2006,Sep,Mon,M,24748
2132,2006,Sep,Tue,F,28273
2133,2006,Sep,Tue,M,29560
2134,2006,Sep,Wed,F,28360
2135,2006,Sep,Wed,M,30034
2136,2006,Sep,Thu,F,28883
2137,2006,Sep,Thu,M,29949
2138,2006,Sep,Fri,F,35334
2139,2006,Sep,Fri,M,36353
2140,2006,Sep,Sat,F,23036
2141,2006,Sep,Sat,M,24194
2142,2006,Oct,Sun,F,19175
2143,2006,Oct,Sun,M,20118
2144,2006,Oct,Mon,F,30974
2145,2006,Oct,Mon,M,32109
2146,2006,Oct,Tue,F,33201
2147,2006,Oct,Tue,M,35096
2148,2006,Oct,Wed,F,26898
2149,2006,Oct,Wed,M,28081
2150,2006,Oct,Thu,F,27091
2151,2006,Oct,Thu,M,27895
2152,2006,Oct,Fri,F,25598
2153,2006,Oct,Fri,M,26797
2154,2006,Oct,Sat,F,17001
2155,2006,Oct,Sat,M,18026
2156,2006,Nov,Sun,F,14849
2157,2006,Nov,Sun,M,15562
2158,2006,Nov,Mon,F,25217
2159,2006,Nov,Mon,M,26620
2160,2006,Nov,Tue,F,27559
2161,2006,Nov,Tue,M,28941
2162,2006,Nov,Wed,F,33039
2163,2006,Nov,Wed,M,34512
2164,2006,Nov,Thu,F,30052
2165,2006,Nov,Thu,M,31685
2166,2006,Nov,Fri,F,24436
2167,2006,Nov,Fri,M,25793
2168,2006,Nov,Sat,F,16667
2169,2006,Nov,Sat,M,17557
2170,2006,Dec,Sun,F,17907
2171,2006,Dec,Sun,M,18782
2172,2006,Dec,Mon,F,22012
2173,2006,Dec,Mon,M,22549
2174,2006,Dec,Tue,F,25842
2175,2006,Dec,Tue,M,27306
2176,2006,Dec,Wed,F,27218
2177,2006,Dec,Wed,M,28972
2178,2006,Dec,Thu,F,27436
2179,2006,Dec,Thu,M,28700
2180,2006,Dec,Fri,F,32517
2181,2006,Dec,Fri,M,33680
2182,2006,Dec,Sat,F,21323
2183,2006,Dec,Sat,M,22470
2184,2007,Jan,Sun,F,14544
2185,2007,Jan,Sun,M,15597
2186,2007,Jan,Mon,F,27212
2187,2007,Jan,Mon,M,28414
2188,2007,Jan,Tue,F,31342
2189,2007,Jan,Tue,M,32390
2190,2007,Jan,Wed,F,32252
2191,2007,Jan,Wed,M,33441
2192,2007,Jan,Thu,F,26006
2193,2007,Jan,Thu,M,27281
2194,2007,Jan,Fri,F,25696
2195,2007,Jan,Fri,M,26963
2196,2007,Jan,Sat,F,16719
2197,2007,Jan,Sat,M,17703
2198,2007,Feb,Sun,F,15026
2199,2007,Feb,Sun,M,15689
2200,2007,Feb,Mon,F,23870
2201,2007,Feb,Mon,M,25007
2202,2007,Feb,Tue,F,25937
2203,2007,Feb,Tue,M,27249
2204,2007,Feb,Wed,F,25920
2205,2007,Feb,Wed,M,27195
2206,2007,Feb,Thu,F,26198
2207,2007,Feb,Thu,M,27466
2208,2007,Feb,Fri,F,25942
2209,2007,Feb,Fri,M,26986
2210,2007,Feb,Sat,F,16994
2211,2007,Feb,Sat,M,17915
2212,2007,Mar,Sun,F,14664
2213,2007,Mar,Sun,M,15504
2214,2007,Mar,Mon,F,23878
2215,2007,Mar,Mon,M,25322
2216,2007,Mar,Tue,F,26013
2217,2007,Mar,Tue,M,27461
2218,2007,Mar,Wed,F,26106
2219,2007,Mar,Wed,M,27024
2220,2007,Mar,Thu,F,32474
2221,2007,Mar,Thu,M,34036
2222,2007,Mar,Fri,F,32452
2223,2007,Mar,Fri,M,33415
2224,2007,Mar,Sat,F,20839
2225,2007,Mar,Sat,M,22222
2226,2007,Apr,Sun,F,17491
2227,2007,Apr,Sun,M,18684
2228,2007,Apr,Mon,F,29740
2229,2007,Apr,Mon,M,31200
2230,2007,Apr,Tue,F,25967
2231,2007,Apr,Tue,M,27474
2232,2007,Apr,Wed,F,26007
2233,2007,Apr,Wed,M,27023
2234,2007,Apr,Thu,F,25680
2235,2007,Apr,Thu,M,26975
2236,2007,Apr,Fri,F,24305
2237,2007,Apr,Fri,M,25404
2238,2007,Apr,Sat,F,15931
2239,2007,Apr,Sat,M,16914
2240,2007,May,Sun,F,14493
2241,2007,May,Sun,M,15189
2242,2007,May,Mon,F,21794
2243,2007,May,Mon,M,23137
2244,2007,May,Tue,F,33086
2245,2007,May,Tue,M,34538
2246,2007,May,Wed,F,32856
2247,2007,May,Wed,M,34756
2248,2007,May,Thu,F,32779
2249,2007,May,Thu,M,34669
2250,2007,May,Fri,F,25266
2251,2007,May,Fri,M,26432
2252,2007,May,Sat,F,16628
2253,2007,May,Sat,M,17295
2254,2007,Jun,Sun,F,14859
2255,2007,Jun,Sun,M,15857
2256,2007,Jun,Mon,F,24939
2257,2007,Jun,Mon,M,26109
2258,2007,Jun,Tue,F,27192
2259,2007,Jun,Tue,M,28296
2260,2007,Jun,Wed,F,26525
2261,2007,Jun,Wed,M,28117
2262,2007,Jun,Thu,F,26799
2263,2007,Jun,Thu,M,28389
2264,2007,Jun,Fri,F,32971
2265,2007,Jun,Fri,M,34630
2266,2007,Jun,Sat,F,21472
2267,2007,Jun,Sat,M,23070
2268,2007,Jul,Sun,F,19561
2269,2007,Jul,Sun,M,20439
2270,2007,Jul,Mon,F,32582
2271,2007,Jul,Mon,M,34102
2272,2007,Jul,Tue,F,35409
2273,2007,Jul,Tue,M,37294
2274,2007,Jul,Wed,F,25552
2275,2007,Jul,Wed,M,26929
2276,2007,Jul,Thu,F,26911
2277,2007,Jul,Thu,M,28277
2278,2007,Jul,Fri,F,26838
2279,2007,Jul,Fri,M,28331
2280,2007,Jul,Sat,F,18368
2281,2007,Jul,Sat,M,19763
2282,2007,Aug,Sun,F,15407
2283,2007,Aug,Sun,M,16576
2284,2007,Aug,Mon,F,25963
2285,2007,Aug,Mon,M,26508
2286,2007,Aug,Tue,F,28234
2287,2007,Aug,Tue,M,29692
2288,2007,Aug,Wed,F,35049
2289,2007,Aug,Wed,M,36458
2290,2007,Aug,Thu,F,34997
2291,2007,Aug,Thu,M,36379
2292,2007,Aug,Fri,F,34191
2293,2007,Aug,Fri,M,35176
2294,2007,Aug,Sat,F,17654
2295,2007,Aug,Sat,M,18833
2296,2007,Sep,Sun,F,19999
2297,2007,Sep,Sun,M,20716
2298,2007,Sep,Mon,F,23995
2299,2007,Sep,Mon,M,24940
2300,2007,Sep,Tue,F,27798
2301,2007,Sep,Tue,M,28890
2302,2007,Sep,Wed,F,28844
2303,2007,Sep,Wed,M,29770
2304,2007,Sep,Thu,F,28508
2305,2007,Sep,Thu,M,29838
2306,2007,Sep,Fri,F,27852
2307,2007,Sep,Fri,M,29157
2308,2007,Sep,Sat,F,23102
2309,2007,Sep,Sat,M,24215
2310,2007,Oct,Sun,F,14846
2311,2007,Oct,Sun,M,15575
2312,2007,Oct,Mon,F,31021
2313,2007,Oct,Mon,M,32299
2314,2007,Oct,Tue,F,33385
2315,2007,Oct,Tue,M,34860
2316,2007,Oct,Wed,F,32372
2317,2007,Oct,Wed,M,33925
2318,2007,Oct,Thu,F,26425
2319,2007,Oct,Thu,M,27602
2320,2007,Oct,Fri,F,25993
2321,2007,Oct,Fri,M,27049
2322,2007,Oct,Sat,F,16870
2323,2007,Oct,Sat,M,17847
2324,2007,Nov,Sun,F,15191
2325,2007,Nov,Sun,M,15922
2326,2007,Nov,Mon,F,25748
2327,2007,Nov,Mon,M,26486
2328,2007,Nov,Tue,F,27589
2329,2007,Nov,Tue,M,28844
2330,2007,Nov,Wed,F,26463
2331,2007,Nov,Wed,M,27640
2332,2007,Nov,Thu,F,30638
2333,2007,Nov,Thu,M,31874
2334,2007,Nov,Fri,F,31011
2335,2007,Nov,Fri,M,32181
2336,2007,Nov,Sat,F,16873
2337,2007,Nov,Sat,M,17867
2338,2007,Dec,Sun,F,18423
2339,2007,Dec,Sun,M,19728
2340,2007,Dec,Mon,F,27996
2341,2007,Dec,Mon,M,28848
2342,2007,Dec,Tue,F,23936
2343,2007,Dec,Tue,M,24757
2344,2007,Dec,Wed,F,26356
2345,2007,Dec,Wed,M,27556
2346,2007,Dec,Thu,F,27778
2347,2007,Dec,Thu,M,29060
2348,2007,Dec,Fri,F,27406
2349,2007,Dec,Fri,M,28556
2350,2007,Dec,Sat,F,21892
2351,2007,Dec,Sat,M,22921
2352,2008,Jan,Sun,F,14572
2353,2008,Jan,Sun,M,15289
2354,2008,Jan,Mon,F,23886
2355,2008,Jan,Mon,M,24951
2356,2008,Jan,Tue,F,29656
2357,2008,Jan,Tue,M,30802
2358,2008,Jan,Wed,F,31017
2359,2008,Jan,Wed,M,32591
2360,2008,Jan,Thu,F,32333
2361,2008,Jan,Thu,M,34018
2362,2008,Jan,Fri,F,26081
2363,2008,Jan,Fri,M,27199
2364,2008,Jan,Sat,F,16710
2365,2008,Jan,Sat,M,17939
2366,2008,Feb,Sun,F,14636
2367,2008,Feb,Sun,M,15559
2368,2008,Feb,Mon,F,24095
2369,2008,Feb,Mon,M,25141
2370,2008,Feb,Tue,F,26086
2371,2008,Feb,Tue,M,27509
2372,2008,Feb,Wed,F,25466
2373,2008,Feb,Wed,M,26931
2374,2008,Feb,Thu,F,26730
2375,2008,Feb,Thu,M,27612
2376,2008,Feb,Fri,F,31423
2377,2008,Feb,Fri,M,32953
2378,2008,Feb,Sat,F,17233
2379,2008,Feb,Sat,M,17729
2380,2008,Mar,Sun,F,17922
2381,2008,Mar,Sun,M,18680
2382,2008,Mar,Mon,F,30453
2383,2008,Mar,Mon,M,31636
2384,2008,Mar,Tue,F,26476
2385,2008,Mar,Tue,M,27257
2386,2008,Mar,Wed,F,25581
2387,2008,Mar,Wed,M,26606
2388,2008,Mar,Thu,F,25656
2389,2008,Mar,Thu,M,26839
2390,2008,Mar,Fri,F,24986
2391,2008,Mar,Fri,M,26309
2392,2008,Mar,Sat,F,20979
2393,2008,Mar,Sat,M,21802
2394,2008,Apr,Sun,F,14337
2395,2008,Apr,Sun,M,15312
2396,2008,Apr,Mon,F,23906
2397,2008,Apr,Mon,M,24939
2398,2008,Apr,Tue,F,31991
2399,2008,Apr,Tue,M,33337
2400,2008,Apr,Wed,F,31862
2401,2008,Apr,Wed,M,33293
2402,2008,Apr,Thu,F,25543
2403,2008,Apr,Thu,M,26870
2404,2008,Apr,Fri,F,25443
2405,2008,Apr,Fri,M,26352
2406,2008,Apr,Sat,F,16503
2407,2008,Apr,Sat,M,17296
2408,2008,May,Sun,F,14164
2409,2008,May,Sun,M,15076
2410,2008,May,Mon,F,21902
2411,2008,May,Mon,M,23156
2412,2008,May,Tue,F,25873
2413,2008,May,Tue,M,27118
2414,2008,May,Wed,F,26338
2415,2008,May,Wed,M,27551
2416,2008,May,Thu,F,32629
2417,2008,May,Thu,M,34440
2418,2008,May,Fri,F,31747
2419,2008,May,Fri,M,33285
2420,2008,May,Sat,F,20488
2421,2008,May,Sat,M,21668
2422,2008,Jun,Sun,F,18607
2423,2008,Jun,Sun,M,19695
2424,2008,Jun,Mon,F,30408
2425,2008,Jun,Mon,M,32360
2426,2008,Jun,Tue,F,26553
2427,2008,Jun,Tue,M,27675
2428,2008,Jun,Wed,F,26109
2429,2008,Jun,Wed,M,27722
2430,2008,Jun,Thu,F,26084
2431,2008,Jun,Thu,M,27505
2432,2008,Jun,Fri,F,25389
2433,2008,Jun,Fri,M,26291
2434,2008,Jun,Sat,F,16808
2435,2008,Jun,Sat,M,18019
2436,2008,Jul,Sun,F,15244
2437,2008,Jul,Sun,M,15999
2438,2008,Jul,Mon,F,25246
2439,2008,Jul,Mon,M,26460
2440,2008,Jul,Tue,F,34680
2441,2008,Jul,Tue,M,36179
2442,2008,Jul,Wed,F,33490
2443,2008,Jul,Wed,M,35676
2444,2008,Jul,Thu,F,33690
2445,2008,Jul,Thu,M,35155
2446,2008,Jul,Fri,F,24244
2447,2008,Jul,Fri,M,25327
2448,2008,Jul,Sat,F,16797
2449,2008,Jul,Sat,M,17918
2450,2008,Aug,Sun,F,19230
2451,2008,Aug,Sun,M,20163
2452,2008,Aug,Mon,F,25235
2453,2008,Aug,Mon,M,26899
2454,2008,Aug,Tue,F,27499
2455,2008,Aug,Tue,M,28493
2456,2008,Aug,Wed,F,26853
2457,2008,Aug,Wed,M,28232
2458,2008,Aug,Thu,F,27480
2459,2008,Aug,Thu,M,28565
2460,2008,Aug,Fri,F,34322
2461,2008,Aug,Fri,M,35870
2462,2008,Aug,Sat,F,22094
2463,2008,Aug,Sat,M,23093
2464,2008,Sep,Sun,F,15607
2465,2008,Sep,Sun,M,16771
2466,2008,Sep,Mon,F,29742
2467,2008,Sep,Mon,M,30915
2468,2008,Sep,Tue,F,34113
2469,2008,Sep,Tue,M,35796
2470,2008,Sep,Wed,F,27486
2471,2008,Sep,Wed,M,29066
2472,2008,Sep,Thu,F,27632
2473,2008,Sep,Thu,M,28661
2474,2008,Sep,Fri,F,27023
2475,2008,Sep,Fri,M,28788
2476,2008,Sep,Sat,F,18093
2477,2008,Sep,Sat,M,18967
2478,2008,Oct,Sun,F,14308
2479,2008,Oct,Sun,M,15147
2480,2008,Oct,Mon,F,23798
2481,2008,Oct,Mon,M,24518
2482,2008,Oct,Tue,F,26041
2483,2008,Oct,Tue,M,27233
2484,2008,Oct,Wed,F,32248
2485,2008,Oct,Wed,M,33442
2486,2008,Oct,Thu,F,31835
2487,2008,Oct,Thu,M,33693
2488,2008,Oct,Fri,F,30619
2489,2008,Oct,Fri,M,31815
2490,2008,Oct,Sat,F,16465
2491,2008,Oct,Sat,M,17371
2492,2008,Nov,Sun,F,17948
2493,2008,Nov,Sun,M,18656
2494,2008,Nov,Mon,F,24756
2495,2008,Nov,Mon,M,25450
2496,2008,Nov,Tue,F,25928
2497,2008,Nov,Tue,M,27031
2498,2008,Nov,Wed,F,24745
2499,2008,Nov,Wed,M,25463
2500,2008,Nov,Thu,F,22228
2501,2008,Nov,Thu,M,23362
2502,2008,Nov,Fri,F,23412
2503,2008,Nov,Fri,M,24324
2504,2008,Nov,Sat,F,19922
2505,2008,Nov,Sat,M,21182
2506,2008,Dec,Sun,F,14413
2507,2008,Dec,Sun,M,15234
2508,2008,Dec,Mon,F,31653
2509,2008,Dec,Mon,M,32869
2510,2008,Dec,Tue,F,33915
2511,2008,Dec,Tue,M,35030
2512,2008,Dec,Wed,F,29925
2513,2008,Dec,Wed,M,31552
2514,2008,Dec,Thu,F,22566
2515,2008,Dec,Thu,M,23606
2516,2008,Dec,Fri,F,24268
2517,2008,Dec,Fri,M,25526
2518,2008,Dec,Sat,F,16475
2519,2008,Dec,Sat,M,17418
2520,2009,Jan,Sun,F,14029
2521,2009,Jan,Sun,M,14532
2522,2009,Jan,Mon,F,23106
2523,2009,Jan,Mon,M,24135
2524,2009,Jan,Tue,F,24908
2525,2009,Jan,Tue,M,26295
2526,2009,Jan,Wed,F,24739
2527,2009,Jan,Wed,M,26040
2528,2009,Jan,Thu,F,28987
2529,2009,Jan,Thu,M,30090
2530,2009,Jan,Fri,F,29910
2531,2009,Jan,Fri,M,30888
2532,2009,Jan,Sat,F,20008
2533,2009,Jan,Sat,M,20904
2534,2009,Feb,Sun,F,14215
2535,2009,Feb,Sun,M,14984
2536,2009,Feb,Mon,F,23829
2537,2009,Feb,Mon,M,24691
2538,2009,Feb,Tue,F,25708
2539,2009,Feb,Tue,M,26719
2540,2009,Feb,Wed,F,25319
2541,2009,Feb,Wed,M,26408
2542,2009,Feb,Thu,F,25670
2543,2009,Feb,Thu,M,26374
2544,2009,Feb,Fri,F,24121
2545,2009,Feb,Fri,M,25370
2546,2009,Feb,Sat,F,16491
2547,2009,Feb,Sat,M,17270
2548,2009,Mar,Sun,F,17557
2549,2009,Mar,Sun,M,18419
2550,2009,Mar,Mon,F,29505
2551,2009,Mar,Mon,M,31129
2552,2009,Mar,Tue,F,32237
2553,2009,Mar,Tue,M,33719
2554,2009,Mar,Wed,F,25018
2555,2009,Mar,Wed,M,26156
2556,2009,Mar,Thu,F,24952
2557,2009,Mar,Thu,M,26180
2558,2009,Mar,Fri,F,24599
2559,2009,Mar,Fri,M,25545
2560,2009,Mar,Sat,F,16237
2561,2009,Mar,Sat,M,17096
2562,2009,Apr,Sun,F,13696
2563,2009,Apr,Sun,M,14670
2564,2009,Apr,Mon,F,23453
2565,2009,Apr,Mon,M,24272
2566,2009,Apr,Tue,F,25664
2567,2009,Apr,Tue,M,27129
2568,2009,Apr,Wed,F,30773
2569,2009,Apr,Wed,M,32228
2570,2009,Apr,Thu,F,31339
2571,2009,Apr,Thu,M,32780
2572,2009,Apr,Fri,F,24042
2573,2009,Apr,Fri,M,25220
2574,2009,Apr,Sat,F,15935
2575,2009,Apr,Sat,M,16614
2576,2009,May,Sun,F,17724
2577,2009,May,Sun,M,18720
2578,2009,May,Mon,F,21751
2579,2009,May,Mon,M,22762
2580,2009,May,Tue,F,25759
2581,2009,May,Tue,M,27052
2582,2009,May,Wed,F,25639
2583,2009,May,Wed,M,27293
2584,2009,May,Thu,F,25823
2585,2009,May,Thu,M,27273
2586,2009,May,Fri,F,31463
2587,2009,May,Fri,M,32959
2588,2009,May,Sat,F,20273
2589,2009,May,Sat,M,21330
2590,2009,Jun,Sun,F,14268
2591,2009,Jun,Sun,M,15122
2592,2009,Jun,Mon,F,30155
2593,2009,Jun,Mon,M,31796
2594,2009,Jun,Tue,F,32507
2595,2009,Jun,Tue,M,34629
2596,2009,Jun,Wed,F,25412
2597,2009,Jun,Wed,M,26933
2598,2009,Jun,Thu,F,25534
2599,2009,Jun,Thu,M,26955
2600,2009,Jun,Fri,F,24679
2601,2009,Jun,Fri,M,25979
2602,2009,Jun,Sat,F,16277
2603,2009,Jun,Sat,M,17291
2604,2009,Jul,Sun,F,14538
2605,2009,Jul,Sun,M,15415
2606,2009,Jul,Mon,F,24319
2607,2009,Jul,Mon,M,25444
2608,2009,Jul,Tue,F,27287
2609,2009,Jul,Tue,M,28439
2610,2009,Jul,Wed,F,33760
2611,2009,Jul,Wed,M,35041
2612,2009,Jul,Thu,F,33302
2613,2009,Jul,Thu,M,34836
2614,2009,Jul,Fri,F,30630
2615,2009,Jul,Fri,M,32173
2616,2009,Jul,Sat,F,16442
2617,2009,Jul,Sat,M,17491
2618,2009,Aug,Sun,F,18488
2619,2009,Aug,Sun,M,19462
2620,2009,Aug,Mon,F,30657
2621,2009,Aug,Mon,M,32438
2622,2009,Aug,Tue,F,26946
2623,2009,Aug,Tue,M,28299
2624,2009,Aug,Wed,F,26306
2625,2009,Aug,Wed,M,27582
2626,2009,Aug,Thu,F,26447
2627,2009,Aug,Thu,M,27518
2628,2009,Aug,Fri,F,25510
2629,2009,Aug,Fri,M,27156
2630,2009,Aug,Sat,F,21109
2631,2009,Aug,Sat,M,22308
2632,2009,Sep,Sun,F,15225
2633,2009,Sep,Sun,M,15748
2634,2009,Sep,Mon,F,23174
2635,2009,Sep,Mon,M,23682
2636,2009,Sep,Tue,F,33930
2637,2009,Sep,Tue,M,35254
2638,2009,Sep,Wed,F,34538
2639,2009,Sep,Wed,M,35658
2640,2009,Sep,Thu,F,27254
2641,2009,Sep,Thu,M,28936
2642,2009,Sep,Fri,F,26057
2643,2009,Sep,Fri,M,27288
2644,2009,Sep,Sat,F,17462
2645,2009,Sep,Sat,M,18409
2646,2009,Oct,Sun,F,13907
2647,2009,Oct,Sun,M,14979
2648,2009,Oct,Mon,F,23454
2649,2009,Oct,Mon,M,24904
2650,2009,Oct,Tue,F,25565
2651,2009,Oct,Tue,M,26555
2652,2009,Oct,Wed,F,24812
2653,2009,Oct,Wed,M,26281
2654,2009,Oct,Thu,F,31588
2655,2009,Oct,Thu,M,33064
2656,2009,Oct,Fri,F,30505
2657,2009,Oct,Fri,M,31748
2658,2009,Oct,Sat,F,19809
2659,2009,Oct,Sat,M,21047
2660,2009,Nov,Sun,F,17455
2661,2009,Nov,Sun,M,18597
2662,2009,Nov,Mon,F,29726
2663,2009,Nov,Mon,M,31139
2664,2009,Nov,Tue,F,25692
2665,2009,Nov,Tue,M,26760
2666,2009,Nov,Wed,F,24121
2667,2009,Nov,Wed,M,25507
2668,2009,Nov,Thu,F,21927
2669,2009,Nov,Thu,M,22738
2670,2009,Nov,Fri,F,22028
2671,2009,Nov,Fri,M,23127
2672,2009,Nov,Sat,F,15567
2673,2009,Nov,Sat,M,16397
2674,2009,Dec,Sun,F,13943
2675,2009,Dec,Sun,M,14592
2676,2009,Dec,Mon,F,24548
2677,2009,Dec,Mon,M,25494
2678,2009,Dec,Tue,F,33426
2679,2009,Dec,Tue,M,34157
2680,2009,Dec,Wed,F,30993
2681,2009,Dec,Wed,M,32318
2682,2009,Dec,Thu,F,28491
2683,2009,Dec,Thu,M,29543
2684,2009,Dec,Fri,F,20992
2685,2009,Dec,Fri,M,21986
2686,2009,Dec,Sat,F,15029
2687,2009,Dec,Sat,M,16105
2688,2010,Jan,Sun,F,16673
2689,2010,Jan,Sun,M,17909
2690,2010,Jan,Mon,F,22469
2691,2010,Jan,Mon,M,23479
2692,2010,Jan,Tue,F,24943
2693,2010,Jan,Tue,M,25526
2694,2010,Jan,Wed,F,24150
2695,2010,Jan,Wed,M,24962
2696,2010,Jan,Thu,F,24423
2697,2010,Jan,Thu,M,25106
2698,2010,Jan,Fri,F,27236
2699,2010,Jan,Fri,M,28488
2700,2010,Jan,Sat,F,18711
2701,2010,Jan,Sat,M,19741
2702,2010,Feb,Sun,F,13524
2703,2010,Feb,Sun,M,14385
2704,2010,Feb,Mon,F,22460
2705,2010,Feb,Mon,M,23526
2706,2010,Feb,Tue,F,24266
2707,2010,Feb,Tue,M,25559
2708,2010,Feb,Wed,F,24000
2709,2010,Feb,Wed,M,25360
2710,2010,Feb,Thu,F,24224
2711,2010,Feb,Thu,M,25094
2712,2010,Feb,Fri,F,23585
2713,2010,Feb,Fri,M,24907
2714,2010,Feb,Sat,F,15451
2715,2010,Feb,Sat,M,16210
2716,2010,Mar,Sun,F,13319
2717,2010,Mar,Sun,M,14068
2718,2010,Mar,Mon,F,28355
2719,2010,Mar,Mon,M,29454
2720,2010,Mar,Tue,F,30925
2721,2010,Mar,Tue,M,32164
2722,2010,Mar,Wed,F,30474
2723,2010,Mar,Wed,M,31694
2724,2010,Mar,Thu,F,23950
2725,2010,Mar,Thu,M,25112
2726,2010,Mar,Fri,F,23609
2727,2010,Mar,Fri,M,24633
2728,2010,Mar,Sat,F,15186
2729,2010,Mar,Sat,M,16276
2730,2010,Apr,Sun,F,13282
2731,2010,Apr,Sun,M,14093
2732,2010,Apr,Mon,F,22907
2733,2010,Apr,Mon,M,24002
2734,2010,Apr,Tue,F,24748
2735,2010,Apr,Tue,M,25636
2736,2010,Apr,Wed,F,23885
2737,2010,Apr,Wed,M,25435
2738,2010,Apr,Thu,F,29868
2739,2010,Apr,Thu,M,31264
2740,2010,Apr,Fri,F,28861
2741,2010,Apr,Fri,M,30306
2742,2010,Apr,Sat,F,15153
2743,2010,Apr,Sat,M,16142
2744,2010,May,Sun,F,16969
2745,2010,May,Sun,M,17776
2746,2010,May,Mon,F,26778
2747,2010,May,Mon,M,28159
2748,2010,May,Tue,F,24876
2749,2010,May,Tue,M,26290
2750,2010,May,Wed,F,24571
2751,2010,May,Wed,M,25558
2752,2010,May,Thu,F,24277
2753,2010,May,Thu,M,25461
2754,2010,May,Fri,F,23633
2755,2010,May,Fri,M,24937
2756,2010,May,Sat,F,19387
2757,2010,May,Sat,M,20288
2758,2010,Jun,Sun,F,13810
2759,2010,Jun,Sun,M,14713
2760,2010,Jun,Mon,F,22960
2761,2010,Jun,Mon,M,24469
2762,2010,Jun,Tue,F,30933
2763,2010,Jun,Tue,M,32365
2764,2010,Jun,Wed,F,30971
2765,2010,Jun,Wed,M,32690
2766,2010,Jun,Thu,F,24897
2767,2010,Jun,Thu,M,25980
2768,2010,Jun,Fri,F,23995
2769,2010,Jun,Fri,M,24990
2770,2010,Jun,Sat,F,15836
2771,2010,Jun,Sat,M,16571
2772,2010,Jul,Sun,F,14311
2773,2010,Jul,Sun,M,14861
2774,2010,Jul,Mon,F,21701
2775,2010,Jul,Mon,M,22877
2776,2010,Jul,Tue,F,25087
2777,2010,Jul,Tue,M,26318
2778,2010,Jul,Wed,F,25542
2779,2010,Jul,Wed,M,26759
2780,2010,Jul,Thu,F,31517
2781,2010,Jul,Thu,M,33289
2782,2010,Jul,Fri,F,30543
2783,2010,Jul,Fri,M,31815
2784,2010,Jul,Sat,F,20153
2785,2010,Jul,Sat,M,21102
2786,2010,Aug,Sun,F,17958
2787,2010,Aug,Sun,M,18775
2788,2010,Aug,Mon,F,29937
2789,2010,Aug,Mon,M,31256
2790,2010,Aug,Tue,F,32216
2791,2010,Aug,Tue,M,33486
2792,2010,Aug,Wed,F,25263
2793,2010,Aug,Wed,M,26380
2794,2010,Aug,Thu,F,25185
2795,2010,Aug,Thu,M,26436
2796,2010,Aug,Fri,F,24377
2797,2010,Aug,Fri,M,25528
2798,2010,Aug,Sat,F,16308
2799,2010,Aug,Sat,M,17368
2800,2010,Sep,Sun,F,14728
2801,2010,Sep,Sun,M,15798
2802,2010,Sep,Mon,F,22405
2803,2010,Sep,Mon,M,23082
2804,2010,Sep,Tue,F,25963
2805,2010,Sep,Tue,M,27337
2806,2010,Sep,Wed,F,32595
2807,2010,Sep,Wed,M,34627
2808,2010,Sep,Thu,F,32947
2809,2010,Sep,Thu,M,34462
2810,2010,Sep,Fri,F,26032
2811,2010,Sep,Fri,M,26814
2812,2010,Sep,Sat,F,16833
2813,2010,Sep,Sat,M,17816
2814,2010,Oct,Sun,F,18046
2815,2010,Oct,Sun,M,18824
2816,2010,Oct,Mon,F,23304
2817,2010,Oct,Mon,M,24588
2818,2010,Oct,Tue,F,25130
2819,2010,Oct,Tue,M,26024
2820,2010,Oct,Wed,F,24312
2821,2010,Oct,Wed,M,25465
2822,2010,Oct,Thu,F,24489
2823,2010,Oct,Thu,M,25575
2824,2010,Oct,Fri,F,29977
2825,2010,Oct,Fri,M,31391
2826,2010,Oct,Sat,F,19523
2827,2010,Oct,Sat,M,20829
2828,2010,Nov,Sun,F,13902
2829,2010,Nov,Sun,M,14697
2830,2010,Nov,Mon,F,29821
2831,2010,Nov,Mon,M,31275
2832,2010,Nov,Tue,F,31931
2833,2010,Nov,Tue,M,33397
2834,2010,Nov,Wed,F,23966
2835,2010,Nov,Wed,M,25236
2836,2010,Nov,Thu,F,22174
2837,2010,Nov,Thu,M,23077
2838,2010,Nov,Fri,F,22195
2839,2010,Nov,Fri,M,23179
2840,2010,Nov,Sat,F,15592
2841,2010,Nov,Sat,M,16426
2842,2010,Dec,Sun,F,13565
2843,2010,Dec,Sun,M,14485
2844,2010,Dec,Mon,F,23556
2845,2010,Dec,Mon,M,24738
2846,2010,Dec,Tue,F,25865
2847,2010,Dec,Tue,M,26910
2848,2010,Dec,Wed,F,31210
2849,2010,Dec,Wed,M,32780
2850,2010,Dec,Thu,F,30378
2851,2010,Dec,Thu,M,31702
2852,2010,Dec,Fri,F,26352
2853,2010,Dec,Fri,M,27778
2854,2010,Dec,Sat,F,14788
2855,2010,Dec,Sat,M,15558
2856,2011,Jan,Sun,F,16602
2857,2011,Jan,Sun,M,17519
2858,2011,Jan,Mon,F,27285
2859,2011,Jan,Mon,M,28358
2860,2011,Jan,Tue,F,24507
2861,2011,Jan,Tue,M,25556
2862,2011,Jan,Wed,F,23520
2863,2011,Jan,Wed,M,24135
2864,2011,Jan,Thu,F,23286
2865,2011,Jan,Thu,M,24565
2866,2011,Jan,Fri,F,23143
2867,2011,Jan,Fri,M,24303
2868,2011,Jan,Sat,F,18539
2869,2011,Jan,Sat,M,19786
2870,2011,Feb,Sun,F,13413
2871,2011,Feb,Sun,M,14402
2872,2011,Feb,Mon,F,22080
2873,2011,Feb,Mon,M,23283
2874,2011,Feb,Tue,F,24460
2875,2011,Feb,Tue,M,25584
2876,2011,Feb,Wed,F,23376
2877,2011,Feb,Wed,M,24374
2878,2011,Feb,Thu,F,23449
2879,2011,Feb,Thu,M,24518
2880,2011,Feb,Fri,F,23344
2881,2011,Feb,Fri,M,24388
2882,2011,Feb,Sat,F,15588
2883,2011,Feb,Sat,M,16278
2884,2011,Mar,Sun,F,13263
2885,2011,Mar,Sun,M,13930
2886,2011,Mar,Mon,F,22308
2887,2011,Mar,Mon,M,23245
2888,2011,Mar,Tue,F,29717
2889,2011,Mar,Tue,M,31209
2890,2011,Mar,Wed,F,28973
2891,2011,Mar,Wed,M,30455
2892,2011,Mar,Thu,F,29430
2893,2011,Mar,Thu,M,30398
2894,2011,Mar,Fri,F,22809
2895,2011,Mar,Fri,M,24038
2896,2011,Mar,Sat,F,14951
2897,2011,Mar,Sat,M,16026
2898,2011,Apr,Sun,F,13159
2899,2011,Apr,Sun,M,14062
2900,2011,Apr,Mon,F,22657
2901,2011,Apr,Mon,M,23395
2902,2011,Apr,Tue,F,24002
2903,2011,Apr,Tue,M,25194
2904,2011,Apr,Wed,F,23005
2905,2011,Apr,Wed,M,24095
2906,2011,Apr,Thu,F,23709
2907,2011,Apr,Thu,M,24900
2908,2011,Apr,Fri,F,27904
2909,2011,Apr,Fri,M,29232
2910,2011,Apr,Sat,F,18554
2911,2011,Apr,Sat,M,20007
2912,2011,May,Sun,F,16942
2913,2011,May,Sun,M,18170
2914,2011,May,Mon,F,26158
2915,2011,May,Mon,M,27601
2916,2011,May,Tue,F,30139
2917,2011,May,Tue,M,31849
2918,2011,May,Wed,F,23928
2919,2011,May,Wed,M,24959
2920,2011,May,Thu,F,23747
2921,2011,May,Thu,M,25023
2922,2011,May,Fri,F,22765
2923,2011,May,Fri,M,24145
2924,2011,May,Sat,F,15500
2925,2011,May,Sat,M,16316
2926,2011,Jun,Sun,F,13904
2927,2011,Jun,Sun,M,14910
2928,2011,Jun,Mon,F,23089
2929,2011,Jun,Mon,M,24438
2930,2011,Jun,Tue,F,24775
2931,2011,Jun,Tue,M,26398
2932,2011,Jun,Wed,F,31032
2933,2011,Jun,Wed,M,32885
2934,2011,Jun,Thu,F,31214
2935,2011,Jun,Thu,M,32725
2936,2011,Jun,Fri,F,24185
2937,2011,Jun,Fri,M,25230
2938,2011,Jun,Sat,F,16027
2939,2011,Jun,Sat,M,17078
2940,2011,Jul,Sun,F,18119
2941,2011,Jul,Sun,M,19140
2942,2011,Jul,Mon,F,21575
2943,2011,Jul,Mon,M,22740
2944,2011,Jul,Tue,F,25469
2945,2011,Jul,Tue,M,26419
2946,2011,Jul,Wed,F,25401
2947,2011,Jul,Wed,M,26951
2948,2011,Jul,Thu,F,26039
2949,2011,Jul,Thu,M,27302
2950,2011,Jul,Fri,F,31495
2951,2011,Jul,Fri,M,32953
2952,2011,Jul,Sat,F,20642
2953,2011,Jul,Sat,M,21947
2954,2011,Aug,Sun,F,14495
2955,2011,Aug,Sun,M,15503
2956,2011,Aug,Mon,F,30033
2957,2011,Aug,Mon,M,31673
2958,2011,Aug,Tue,F,32438
2959,2011,Aug,Tue,M,34017
2960,2011,Aug,Wed,F,31696
2961,2011,Aug,Wed,M,33302
2962,2011,Aug,Thu,F,25509
2963,2011,Aug,Thu,M,26268
2964,2011,Aug,Fri,F,25017
2965,2011,Aug,Fri,M,26087
2966,2011,Aug,Sat,F,16553
2967,2011,Aug,Sat,M,17488
2968,2011,Sep,Sun,F,14400
2969,2011,Sep,Sun,M,15594
2970,2011,Sep,Mon,F,22256
2971,2011,Sep,Mon,M,23320
2972,2011,Sep,Tue,F,25723
2973,2011,Sep,Tue,M,26701
2974,2011,Sep,Wed,F,25827
2975,2011,Sep,Wed,M,27037
2976,2011,Sep,Thu,F,32188
2977,2011,Sep,Thu,M,33754
2978,2011,Sep,Fri,F,31534
2979,2011,Sep,Fri,M,33201
2980,2011,Sep,Sat,F,17045
2981,2011,Sep,Sat,M,17674
2982,2011,Oct,Sun,F,17354
2983,2011,Oct,Sun,M,18075
2984,2011,Oct,Mon,F,27726
2985,2011,Oct,Mon,M,29116
2986,2011,Oct,Tue,F,24937
2987,2011,Oct,Tue,M,25615
2988,2011,Oct,Wed,F,24277
2989,2011,Oct,Wed,M,24981
2990,2011,Oct,Thu,F,24241
2991,2011,Oct,Thu,M,25057
2992,2011,Oct,Fri,F,23475
2993,2011,Oct,Fri,M,24180
2994,2011,Oct,Sat,F,19465
2995,2011,Oct,Sat,M,20675
2996,2011,Nov,Sun,F,13678
2997,2011,Nov,Sun,M,14331
2998,2011,Nov,Mon,F,23387
2999,2011,Nov,Mon,M,24485
3000,2011,Nov,Tue,F,31517
3001,2011,Nov,Tue,M,32748
3002,2011,Nov,Wed,F,29338
3003,2011,Nov,Wed,M,31155
3004,2011,Nov,Thu,F,21030
3005,2011,Nov,Thu,M,22147
3006,2011,Nov,Fri,F,22949
3007,2011,Nov,Fri,M,23929
3008,2011,Nov,Sat,F,15307
3009,2011,Nov,Sat,M,16134
3010,2011,Dec,Sun,F,12663
3011,2011,Dec,Sun,M,13501
3012,2011,Dec,Mon,F,21675
3013,2011,Dec,Mon,M,22185
3014,2011,Dec,Tue,F,24706
3015,2011,Dec,Tue,M,25666
3016,2011,Dec,Wed,F,24867
3017,2011,Dec,Wed,M,25702
3018,2011,Dec,Thu,F,30129
3019,2011,Dec,Thu,M,31573
3020,2011,Dec,Fri,F,28140
3021,2011,Dec,Fri,M,29281
3022,2011,Dec,Sat,F,18511
3023,2011,Dec,Sat,M,19387
3024,2012,Jan,Sun,F,16356
3025,2012,Jan,Sun,M,17393
3026,2012,Jan,Mon,F,25262
3027,2012,Jan,Mon,M,26657
3028,2012,Jan,Tue,F,28671
3029,2012,Jan,Tue,M,30174
3030,2012,Jan,Wed,F,23148
3031,2012,Jan,Wed,M,23727
3032,2012,Jan,Thu,F,23571
3033,2012,Jan,Thu,M,24413
3034,2012,Jan,Fri,F,22725
3035,2012,Jan,Fri,M,23659
3036,2012,Jan,Sat,F,15239
3037,2012,Jan,Sat,M,15964
3038,2012,Feb,Sun,F,13104
3039,2012,Feb,Sun,M,14098
3040,2012,Feb,Mon,F,21483
3041,2012,Feb,Mon,M,22649
3042,2012,Feb,Tue,F,24117
3043,2012,Feb,Tue,M,24611
3044,2012,Feb,Wed,F,28749
3045,2012,Feb,Wed,M,30106
3046,2012,Feb,Thu,F,23556
3047,2012,Feb,Thu,M,24325
3048,2012,Feb,Fri,F,23085
3049,2012,Feb,Fri,M,24014
3050,2012,Feb,Sat,F,15106
3051,2012,Feb,Sat,M,16057
3052,2012,Mar,Sun,F,13175
3053,2012,Mar,Sun,M,14005
3054,2012,Mar,Mon,F,22372
3055,2012,Mar,Mon,M,23187
3056,2012,Mar,Tue,F,23484
3057,2012,Mar,Tue,M,24346
3058,2012,Mar,Wed,F,22868
3059,2012,Mar,Wed,M,24421
3060,2012,Mar,Thu,F,29232
3061,2012,Mar,Thu,M,30294
3062,2012,Mar,Fri,F,28352
3063,2012,Mar,Fri,M,29941
3064,2012,Mar,Sat,F,19023
3065,2012,Mar,Sat,M,20244
3066,2012,Apr,Sun,F,16398
3067,2012,Apr,Sun,M,17337
3068,2012,Apr,Mon,F,27631
3069,2012,Apr,Mon,M,28943
3070,2012,Apr,Tue,F,23649
3071,2012,Apr,Tue,M,24640
3072,2012,Apr,Wed,F,22931
3073,2012,Apr,Wed,M,24065
3074,2012,Apr,Thu,F,23112
3075,2012,Apr,Thu,M,23984
3076,2012,Apr,Fri,F,21670
3077,2012,Apr,Fri,M,22651
3078,2012,Apr,Sat,F,14581
3079,2012,Apr,Sat,M,15670
3080,2012,May,Sun,F,13473
3081,2012,May,Sun,M,14364
3082,2012,May,Mon,F,20493
3083,2012,May,Mon,M,21753
3084,2012,May,Tue,F,30071
3085,2012,May,Tue,M,31370
3086,2012,May,Wed,F,29870
3087,2012,May,Wed,M,31291
3088,2012,May,Thu,F,29333
3089,2012,May,Thu,M,30895
3090,2012,May,Fri,F,22662
3091,2012,May,Fri,M,24141
3092,2012,May,Sat,F,15069
3093,2012,May,Sat,M,15994
3094,2012,Jun,Sun,F,13900
3095,2012,Jun,Sun,M,14686
3096,2012,Jun,Mon,F,23155
3097,2012,Jun,Mon,M,24286
3098,2012,Jun,Tue,F,24762
3099,2012,Jun,Tue,M,25661
3100,2012,Jun,Wed,F,23954
3101,2012,Jun,Wed,M,25137
3102,2012,Jun,Thu,F,24560
3103,2012,Jun,Thu,M,25641
3104,2012,Jun,Fri,F,29908
3105,2012,Jun,Fri,M,31385
3106,2012,Jun,Sat,F,19840
3107,2012,Jun,Sat,M,20936
3108,2012,Jul,Sun,F,18171
3109,2012,Jul,Sun,M,19310
3110,2012,Jul,Mon,F,30188
3111,2012,Jul,Mon,M,31389
3112,2012,Jul,Tue,F,32494
3113,2012,Jul,Tue,M,33876
3114,2012,Jul,Wed,F,23137
3115,2012,Jul,Wed,M,24599
3116,2012,Jul,Thu,F,24754
3117,2012,Jul,Thu,M,26024
3118,2012,Jul,Fri,F,24225
3119,2012,Jul,Fri,M,25483
3120,2012,Jul,Sat,F,16627
3121,2012,Jul,Sat,M,17880
3122,2012,Aug,Sun,F,14778
3123,2012,Aug,Sun,M,15671
3124,2012,Aug,Mon,F,24196
3125,2012,Aug,Mon,M,25261
3126,2012,Aug,Tue,F,26066
3127,2012,Aug,Tue,M,27286
3128,2012,Aug,Wed,F,31750
3129,2012,Aug,Wed,M,32925
3130,2012,Aug,Thu,F,31866
3131,2012,Aug,Thu,M,33232
3132,2012,Aug,Fri,F,31767
3133,2012,Aug,Fri,M,32603
3134,2012,Aug,Sat,F,16750
3135,2012,Aug,Sat,M,17751
3136,2012,Sep,Sun,F,18868
3137,2012,Sep,Sun,M,20102
3138,2012,Sep,Mon,F,22614
3139,2012,Sep,Mon,M,23531
3140,2012,Sep,Tue,F,25389
3141,2012,Sep,Tue,M,26595
3142,2012,Sep,Wed,F,26294
3143,2012,Sep,Wed,M,27287
3144,2012,Sep,Thu,F,26118
3145,2012,Sep,Thu,M,27150
3146,2012,Sep,Fri,F,25783
3147,2012,Sep,Fri,M,26857
3148,2012,Sep,Sat,F,21409
3149,2012,Sep,Sat,M,22904
3150,2012,Oct,Sun,F,14214
3151,2012,Oct,Sun,M,15023
3152,2012,Oct,Mon,F,29641
3153,2012,Oct,Mon,M,30516
3154,2012,Oct,Tue,F,30923
3155,2012,Oct,Tue,M,32021
3156,2012,Oct,Wed,F,29872
3157,2012,Oct,Wed,M,31184
3158,2012,Oct,Thu,F,25052
3159,2012,Oct,Thu,M,26286
3160,2012,Oct,Fri,F,23810
3161,2012,Oct,Fri,M,24947
3162,2012,Oct,Sat,F,16055
3163,2012,Oct,Sat,M,16707
3164,2012,Nov,Sun,F,14158
3165,2012,Nov,Sun,M,14861
3166,2012,Nov,Mon,F,23934
3167,2012,Nov,Mon,M,24798
3168,2012,Nov,Tue,F,25153
3169,2012,Nov,Tue,M,26053
3170,2012,Nov,Wed,F,24194
3171,2012,Nov,Wed,M,25134
3172,2012,Nov,Thu,F,28143
3173,2012,Nov,Thu,M,29162
3174,2012,Nov,Fri,F,28359
3175,2012,Nov,Fri,M,29563
3176,2012,Nov,Sat,F,15936
3177,2012,Nov,Sat,M,16362
3178,2012,Dec,Sun,F,17390
3179,2012,Dec,Sun,M,18121
3180,2012,Dec,Mon,F,25985
3181,2012,Dec,Mon,M,27054
3182,2012,Dec,Tue,F,21412
3183,2012,Dec,Tue,M,22516
3184,2012,Dec,Wed,F,24601
3185,2012,Dec,Wed,M,25898
3186,2012,Dec,Thu,F,24807
3187,2012,Dec,Thu,M,25779
3188,2012,Dec,Fri,F,24617
3189,2012,Dec,Fri,M,25473
3190,2012,Dec,Sat,F,20028
3191,2012,Dec,Sat,M,21279
3192,2013,Jan,Sun,F,13665
3193,2013,Jan,Sun,M,14513
3194,2013,Jan,Mon,F,21877
3195,2013,Jan,Mon,M,22928
3196,2013,Jan,Tue,F,26863
3197,2013,Jan,Tue,M,28096
3198,2013,Jan,Wed,F,28062
3199,2013,Jan,Wed,M,29094
3200,2013,Jan,Thu,F,29512
3201,2013,Jan,Thu,M,30235
3202,2013,Jan,Fri,F,23389
3203,2013,Jan,Fri,M,24096
3204,2013,Jan,Sat,F,15533
3205,2013,Jan,Sat,M,16451
3206,2013,Feb,Sun,F,13317
3207,2013,Feb,Sun,M,14140
3208,2013,Feb,Mon,F,21958
3209,2013,Feb,Mon,M,22602
3210,2013,Feb,Tue,F,23546
3211,2013,Feb,Tue,M,24473
3212,2013,Feb,Wed,F,22595
3213,2013,Feb,Wed,M,23768
3214,2013,Feb,Thu,F,23513
3215,2013,Feb,Thu,M,23980
3216,2013,Feb,Fri,F,22985
3217,2013,Feb,Fri,M,24217
3218,2013,Feb,Sat,F,15090
3219,2013,Feb,Sat,M,16176
3220,2013,Mar,Sun,F,16711
3221,2013,Mar,Sun,M,17660
3222,2013,Mar,Mon,F,22510
3223,2013,Mar,Mon,M,23788
3224,2013,Mar,Tue,F,23339
3225,2013,Mar,Tue,M,24695
3226,2013,Mar,Wed,F,23245
3227,2013,Mar,Wed,M,24229
3228,2013,Mar,Thu,F,23160
3229,2013,Mar,Thu,M,24328
3230,2013,Mar,Fri,F,28327
3231,2013,Mar,Fri,M,29940
3232,2013,Mar,Sat,F,19026
3233,2013,Mar,Sat,M,20208
3234,2013,Apr,Sun,F,13079
3235,2013,Apr,Sun,M,14038
3236,2013,Apr,Mon,F,27305
3237,2013,Apr,Mon,M,28088
3238,2013,Apr,Tue,F,29040
3239,2013,Apr,Tue,M,30787
3240,2013,Apr,Wed,F,22636
3241,2013,Apr,Wed,M,23995
3242,2013,Apr,Thu,F,22781
3243,2013,Apr,Thu,M,23892
3244,2013,Apr,Fri,F,22512
3245,2013,Apr,Fri,M,23447
3246,2013,Apr,Sat,F,14804
3247,2013,Apr,Sat,M,15870
3248,2013,May,Sun,F,13425
3249,2013,May,Sun,M,14063
3250,2013,May,Mon,F,20408
3251,2013,May,Mon,M,21189
3252,2013,May,Tue,F,24217
3253,2013,May,Tue,M,25054
3254,2013,May,Wed,F,29633
3255,2013,May,Wed,M,31129
3256,2013,May,Thu,F,29518
3257,2013,May,Thu,M,30867
3258,2013,May,Fri,F,28886
3259,2013,May,Fri,M,30564
3260,2013,May,Sat,F,15169
3261,2013,May,Sat,M,16071
3262,2013,Jun,Sun,F,17364
3263,2013,Jun,Sun,M,18782
3264,2013,Jun,Mon,F,23110
3265,2013,Jun,Mon,M,24268
3266,2013,Jun,Tue,F,24153
3267,2013,Jun,Tue,M,25575
3268,2013,Jun,Wed,F,23726
3269,2013,Jun,Wed,M,24886
3270,2013,Jun,Thu,F,23739
3271,2013,Jun,Thu,M,25042
3272,2013,Jun,Fri,F,23649
3273,2013,Jun,Fri,M,24983
3274,2013,Jun,Sat,F,19970
3275,2013,Jun,Sat,M,21228
3276,2013,Jul,Sun,F,14415
3277,2013,Jul,Sun,M,15536
3278,2013,Jul,Mon,F,30185
3279,2013,Jul,Mon,M,31534
3280,2013,Jul,Tue,F,31922
3281,2013,Jul,Tue,M,33655
3282,2013,Jul,Wed,F,31135
3283,2013,Jul,Wed,M,32748
3284,2013,Jul,Thu,F,22825
3285,2013,Jul,Thu,M,24224
3286,2013,Jul,Fri,F,23767
3287,2013,Jul,Fri,M,24486
3288,2013,Jul,Sat,F,16319
3289,2013,Jul,Sat,M,17169
3290,2013,Aug,Sun,F,14678
3291,2013,Aug,Sun,M,15847
3292,2013,Aug,Mon,F,23965
3293,2013,Aug,Mon,M,25199
3294,2013,Aug,Tue,F,25418
3295,2013,Aug,Tue,M,26358
3296,2013,Aug,Wed,F,25276
3297,2013,Aug,Wed,M,26419
3298,2013,Aug,Thu,F,31684
3299,2013,Aug,Thu,M,32800
3300,2013,Aug,Fri,F,31062
3301,2013,Aug,Fri,M,32152
3302,2013,Aug,Sat,F,20956
3303,2013,Aug,Sat,M,22479
3304,2013,Sep,Sun,F,18793
3305,2013,Sep,Sun,M,19651
3306,2013,Sep,Mon,F,28250
3307,2013,Sep,Mon,M,29457
3308,2013,Sep,Tue,F,25798
3309,2013,Sep,Tue,M,26726
3310,2013,Sep,Wed,F,25265
3311,2013,Sep,Wed,M,26287
3312,2013,Sep,Thu,F,25884
3313,2013,Sep,Thu,M,26840
3314,2013,Sep,Fri,F,24889
3315,2013,Sep,Fri,M,25994
3316,2013,Sep,Sat,F,17072
3317,2013,Sep,Sat,M,17957
3318,2013,Oct,Sun,F,13956
3319,2013,Oct,Sun,M,14795
3320,2013,Oct,Mon,F,23120
3321,2013,Oct,Mon,M,24000
3322,2013,Oct,Tue,F,30795
3323,2013,Oct,Tue,M,32051
3324,2013,Oct,Wed,F,29542
3325,2013,Oct,Wed,M,31042
3326,2013,Oct,Thu,F,29652
3327,2013,Oct,Thu,M,30940
3328,2013,Oct,Fri,F,23863
3329,2013,Oct,Fri,M,24841
3330,2013,Oct,Sat,F,15992
3331,2013,Oct,Sat,M,16764
3332,2013,Nov,Sun,F,14043
3333,2013,Nov,Sun,M,15131
3334,2013,Nov,Mon,F,23352
3335,2013,Nov,Mon,M,24560
3336,2013,Nov,Tue,F,25213
3337,2013,Nov,Tue,M,26343
3338,2013,Nov,Wed,F,23396
3339,2013,Nov,Wed,M,24554
3340,2013,Nov,Thu,F,21557
3341,2013,Nov,Thu,M,22486
3342,2013,Nov,Fri,F,28408
3343,2013,Nov,Fri,M,29600
3344,2013,Nov,Sat,F,19529
3345,2013,Nov,Sat,M,21061
3346,2013,Dec,Sun,F,18046
3347,2013,Dec,Sun,M,19056
3348,2013,Dec,Mon,F,29876
3349,2013,Dec,Mon,M,31364
3350,2013,Dec,Tue,F,29352
3351,2013,Dec,Tue,M,30975
3352,2013,Dec,Wed,F,21892
3353,2013,Dec,Wed,M,22702
3354,2013,Dec,Thu,F,23951
3355,2013,Dec,Thu,M,25209
3356,2013,Dec,Fri,F,24407
3357,2013,Dec,Fri,M,25346
3358,2013,Dec,Sat,F,16543
3359,2013,Dec,Sat,M,17601
3360,2014,Jan,Sun,F,13945
3361,2014,Jan,Sun,M,14702
3362,2014,Jan,Mon,F,22212
3363,2014,Jan,Mon,M,23024
3364,2014,Jan,Tue,F,23747
3365,2014,Jan,Tue,M,24771
3366,2014,Jan,Wed,F,26268
3367,2014,Jan,Wed,M,28177
3368,2014,Jan,Thu,F,28525
3369,2014,Jan,Thu,M,29571
3370,2014,Jan,Fri,F,29030
3371,2014,Jan,Fri,M,30440
3372,2014,Jan,Sat,F,15902
3373,2014,Jan,Sat,M,16840
3374,2014,Feb,Sun,F,13803
3375,2014,Feb,Sun,M,14757
3376,2014,Feb,Mon,F,22561
3377,2014,Feb,Mon,M,23597
3378,2014,Feb,Tue,F,23763
3379,2014,Feb,Tue,M,25277
3380,2014,Feb,Wed,F,23251
3381,2014,Feb,Wed,M,24267
3382,2014,Feb,Thu,F,22992
3383,2014,Feb,Thu,M,23926
3384,2014,Feb,Fri,F,23616
3385,2014,Feb,Fri,M,24533
3386,2014,Feb,Sat,F,16023
3387,2014,Feb,Sat,M,16721
3388,2014,Mar,Sun,F,17124
3389,2014,Mar,Sun,M,18170
3390,2014,Mar,Mon,F,28230
3391,2014,Mar,Mon,M,29773
3392,2014,Mar,Tue,F,23453
3393,2014,Mar,Tue,M,24902
3394,2014,Mar,Wed,F,23013
3395,2014,Mar,Wed,M,24152
3396,2014,Mar,Thu,F,23294
3397,2014,Mar,Thu,M,24216
3398,2014,Mar,Fri,F,23340
3399,2014,Mar,Fri,M,24006
3400,2014,Mar,Sat,F,19889
3401,2014,Mar,Sat,M,20755
3402,2014,Apr,Sun,F,13515
3403,2014,Apr,Sun,M,14644
3404,2014,Apr,Mon,F,22585
3405,2014,Apr,Mon,M,23814
3406,2014,Apr,Tue,F,29147
3407,2014,Apr,Tue,M,31073
3408,2014,Apr,Wed,F,28691
3409,2014,Apr,Wed,M,30231
3410,2014,Apr,Thu,F,23504
3411,2014,Apr,Thu,M,24431
3412,2014,Apr,Fri,F,22693
3413,2014,Apr,Fri,M,23945
3414,2014,Apr,Sat,F,15423
3415,2014,Apr,Sat,M,16092
3416,2014,May,Sun,F,13867
3417,2014,May,Sun,M,15044
3418,2014,May,Mon,F,20735
3419,2014,May,Mon,M,22185
3420,2014,May,Tue,F,24292
3421,2014,May,Tue,M,25295
3422,2014,May,Wed,F,24244
3423,2014,May,Wed,M,25780
3424,2014,May,Thu,F,30249
3425,2014,May,Thu,M,31888
3426,2014,May,Fri,F,29730
3427,2014,May,Fri,M,31022
3428,2014,May,Sat,F,20039
3429,2014,May,Sat,M,21074
3430,2014,Jun,Sun,F,18005
3431,2014,Jun,Sun,M,19241
3432,2014,Jun,Mon,F,29094
3433,2014,Jun,Mon,M,30717
3434,2014,Jun,Tue,F,24413
3435,2014,Jun,Tue,M,25412
3436,2014,Jun,Wed,F,24162
3437,2014,Jun,Wed,M,25059
3438,2014,Jun,Thu,F,23904
3439,2014,Jun,Thu,M,25475
3440,2014,Jun,Fri,F,23594
3441,2014,Jun,Fri,M,24534
3442,2014,Jun,Sat,F,16044
3443,2014,Jun,Sat,M,17103
3444,2014,Jul,Sun,F,14903
3445,2014,Jul,Sun,M,15672
3446,2014,Jul,Mon,F,24654
3447,2014,Jul,Mon,M,25659
3448,2014,Jul,Tue,F,32525
3449,2014,Jul,Tue,M,33941
3450,2014,Jul,Wed,F,31222
3451,2014,Jul,Wed,M,32574
3452,2014,Jul,Thu,F,31424
3453,2014,Jul,Thu,M,32957
3454,2014,Jul,Fri,F,22804
3455,2014,Jul,Fri,M,24173
3456,2014,Jul,Sat,F,16555
3457,2014,Jul,Sat,M,17383
3458,2014,Aug,Sun,F,18708
3459,2014,Aug,Sun,M,20058
3460,2014,Aug,Mon,F,24374
3461,2014,Aug,Mon,M,25478
3462,2014,Aug,Tue,F,26050
3463,2014,Aug,Tue,M,26997
3464,2014,Aug,Wed,F,25275
3465,2014,Aug,Wed,M,26530
3466,2014,Aug,Thu,F,25824
3467,2014,Aug,Thu,M,26807
3468,2014,Aug,Fri,F,31510
3469,2014,Aug,Fri,M,33061
3470,2014,Aug,Sat,F,21712
3471,2014,Aug,Sat,M,22817
3472,2014,Sep,Sun,F,15413
3473,2014,Sep,Sun,M,16130
3474,2014,Sep,Mon,F,28809
3475,2014,Sep,Mon,M,29940
3476,2014,Sep,Tue,F,32278
3477,2014,Sep,Tue,M,33892
3478,2014,Sep,Wed,F,25988
3479,2014,Sep,Wed,M,27214
3480,2014,Sep,Thu,F,25326
3481,2014,Sep,Thu,M,26530
3482,2014,Sep,Fri,F,25666
3483,2014,Sep,Fri,M,26648
3484,2014,Sep,Sat,F,17518
3485,2014,Sep,Sat,M,18051
3486,2014,Oct,Sun,F,14408
3487,2014,Oct,Sun,M,15210
3488,2014,Oct,Mon,F,22956
3489,2014,Oct,Mon,M,23855
3490,2014,Oct,Tue,F,25090
3491,2014,Oct,Tue,M,25625
3492,2014,Oct,Wed,F,30400
3493,2014,Oct,Wed,M,31801
3494,2014,Oct,Thu,F,30444
3495,2014,Oct,Thu,M,31409
3496,2014,Oct,Fri,F,29392
3497,2014,Oct,Fri,M,30343
3498,2014,Oct,Sat,F,16292
3499,2014,Oct,Sat,M,17040
3500,2014,Nov,Sun,F,18100
3501,2014,Nov,Sun,M,19141
3502,2014,Nov,Mon,F,23764
3503,2014,Nov,Mon,M,25010
3504,2014,Nov,Tue,F,25442
3505,2014,Nov,Tue,M,26178
3506,2014,Nov,Wed,F,23658
3507,2014,Nov,Wed,M,24823
3508,2014,Nov,Thu,F,21709
3509,2014,Nov,Thu,M,22798
3510,2014,Nov,Fri,F,22797
3511,2014,Nov,Fri,M,23604
3512,2014,Nov,Sat,F,20348
3513,2014,Nov,Sat,M,21447
3514,2014,Dec,Sun,F,14395
3515,2014,Dec,Sun,M,15428
3516,2014,Dec,Mon,F,30596
3517,2014,Dec,Mon,M,31699
3518,2014,Dec,Tue,F,31714
3519,2014,Dec,Tue,M,33071
3520,2014,Dec,Wed,F,28843
3521,2014,Dec,Wed,M,30106
3522,2014,Dec,Thu,F,21766
3523,2014,Dec,Thu,M,22396
3524,2014,Dec,Fri,F,23058
3525,2014,Dec,Fri,M,24182
3526,2014,Dec,Sat,F,16652
3527,2014,Dec,Sat,M,17588
